Temperature - (Celsius), Year, Statistics, Country, Country2, ISO3
-1.5142, 1901, Jan Average, Korea, Republic of, KOR
-4.1384, 1901, Feb Average, Korea, Republic of, KOR
2.42486, 1901, Mar Average, Korea, Republic of, KOR
10.1111, 1901, Apr Average, Korea, Republic of, KOR
14.0135, 1901, May Average, Korea, Republic of, KOR
18.9166, 1901, Jun Average, Korea, Republic of, KOR
20.8477, 1901, Jul Average, Korea, Republic of, KOR
23.2861, 1901, Aug Average, Korea, Republic of, KOR
17.8684, 1901, Sep Average, Korea, Republic of, KOR
13.2048, 1901, Oct Average, Korea, Republic of, KOR
4.67918, 1901, Nov Average, Korea, Republic of, KOR
-2.3056, 1901, Dec Average, Korea, Republic of, KOR
-3.2312, 1902, Jan Average, Korea, Republic of, KOR
-2.0392, 1902, Feb Average, Korea, Republic of, KOR
4.89801, 1902, Mar Average, Korea, Republic of, KOR
8.81762, 1902, Apr Average, Korea, Republic of, KOR
14.6501, 1902, May Average, Korea, Republic of, KOR
18.6453, 1902, Jun Average, Korea, Republic of, KOR
21.6279, 1902, Jul Average, Korea, Republic of, KOR
22.0384, 1902, Aug Average, Korea, Republic of, KOR
17.6417, 1902, Sep Average, Korea, Republic of, KOR
12.336, 1902, Oct Average, Korea, Republic of, KOR
7.38843, 1902, Nov Average, Korea, Republic of, KOR
1.47143, 1902, Dec Average, Korea, Republic of, KOR
-2.4468, 1903, Jan Average, Korea, Republic of, KOR
-1.1581, 1903, Feb Average, Korea, Republic of, KOR
4.89801, 1903, Mar Average, Korea, Republic of, KOR
10.1934, 1903, Apr Average, Korea, Republic of, KOR
14.2733, 1903, May Average, Korea, Republic of, KOR
18.6638, 1903, Jun Average, Korea, Republic of, KOR
21.2627, 1903, Jul Average, Korea, Republic of, KOR
23.9505, 1903, Aug Average, Korea, Republic of, KOR
19.5249, 1903, Sep Average, Korea, Republic of, KOR
12.2717, 1903, Oct Average, Korea, Republic of, KOR
4.47163, 1903, Nov Average, Korea, Republic of, KOR
-2.2219, 1903, Dec Average, Korea, Republic of, KOR
-4.6202, 1904, Jan Average, Korea, Republic of, KOR
-1.0075, 1904, Feb Average, Korea, Republic of, KOR
3.13076, 1904, Mar Average, Korea, Republic of, KOR
10.4002, 1904, Apr Average, Korea, Republic of, KOR
14.2956, 1904, May Average, Korea, Republic of, KOR
19.8378, 1904, Jun Average, Korea, Republic of, KOR
23.1737, 1904, Jul Average, Korea, Republic of, KOR
23.5295, 1904, Aug Average, Korea, Republic of, KOR
17.87, 1904, Sep Average, Korea, Republic of, KOR
11.8224, 1904, Oct Average, Korea, Republic of, KOR
3.99507, 1904, Nov Average, Korea, Republic of, KOR
-0.4061, 1904, Dec Average, Korea, Republic of, KOR
-0.3563, 1905, Jan Average, Korea, Republic of, KOR
-2.7421, 1905, Feb Average, Korea, Republic of, KOR
3.3992, 1905, Mar Average, Korea, Republic of, KOR
8.57305, 1905, Apr Average, Korea, Republic of, KOR
14.343, 1905, May Average, Korea, Republic of, KOR
19.0845, 1905, Jun Average, Korea, Republic of, KOR
22.9481, 1905, Jul Average, Korea, Republic of, KOR
21.885, 1905, Aug Average, Korea, Republic of, KOR
18.2828, 1905, Sep Average, Korea, Republic of, KOR
12.5046, 1905, Oct Average, Korea, Republic of, KOR
5.36739, 1905, Nov Average, Korea, Republic of, KOR
1.07477, 1905, Dec Average, Korea, Republic of, KOR
-4.0504, 1906, Jan Average, Korea, Republic of, KOR
-2.9899, 1906, Feb Average, Korea, Republic of, KOR
2.59387, 1906, Mar Average, Korea, Republic of, KOR
9.29732, 1906, Apr Average, Korea, Republic of, KOR
14.7057, 1906, May Average, Korea, Republic of, KOR
19.3735, 1906, Jun Average, Korea, Republic of, KOR
22.7887, 1906, Jul Average, Korea, Republic of, KOR
23.3278, 1906, Aug Average, Korea, Republic of, KOR
18.1819, 1906, Sep Average, Korea, Republic of, KOR
12.3249, 1906, Oct Average, Korea, Republic of, KOR
3.653, 1906, Nov Average, Korea, Republic of, KOR
-1.4378, 1906, Dec Average, Korea, Republic of, KOR
-1.6711, 1907, Jan Average, Korea, Republic of, KOR
-3.7346, 1907, Feb Average, Korea, Republic of, KOR
2.827, 1907, Mar Average, Korea, Republic of, KOR
9.70623, 1907, Apr Average, Korea, Republic of, KOR
14.665, 1907, May Average, Korea, Republic of, KOR
18.8038, 1907, Jun Average, Korea, Republic of, KOR
22.2128, 1907, Jul Average, Korea, Republic of, KOR
23.9085, 1907, Aug Average, Korea, Republic of, KOR
18.5471, 1907, Sep Average, Korea, Republic of, KOR
12.9879, 1907, Oct Average, Korea, Republic of, KOR
5.22669, 1907, Nov Average, Korea, Republic of, KOR
-2.8461, 1907, Dec Average, Korea, Republic of, KOR
-3.136, 1908, Jan Average, Korea, Republic of, KOR
-3.3535, 1908, Feb Average, Korea, Republic of, KOR
2.68255, 1908, Mar Average, Korea, Republic of, KOR
9.21026, 1908, Apr Average, Korea, Republic of, KOR
14.1027, 1908, May Average, Korea, Republic of, KOR
19.3285, 1908, Jun Average, Korea, Republic of, KOR
21.8711, 1908, Jul Average, Korea, Republic of, KOR
23.2449, 1908, Aug Average, Korea, Republic of, KOR
17.998, 1908, Sep Average, Korea, Republic of, KOR
12.7104, 1908, Oct Average, Korea, Republic of, KOR
3.70933, 1908, Nov Average, Korea, Republic of, KOR
-0.4222, 1908, Dec Average, Korea, Republic of, KOR
-2.9126, 1909, Jan Average, Korea, Republic of, KOR
-2.9633, 1909, Feb Average, Korea, Republic of, KOR
1.62578, 1909, Mar Average, Korea, Republic of, KOR
9.54268, 1909, Apr Average, Korea, Republic of, KOR
14.1497, 1909, May Average, Korea, Republic of, KOR
19.1021, 1909, Jun Average, Korea, Republic of, KOR
23.1813, 1909, Jul Average, Korea, Republic of, KOR
23.6729, 1909, Aug Average, Korea, Republic of, KOR
19.2148, 1909, Sep Average, Korea, Republic of, KOR
11.6385, 1909, Oct Average, Korea, Republic of, KOR
5.16476, 1909, Nov Average, Korea, Republic of, KOR
-2.6905, 1909, Dec Average, Korea, Republic of, KOR
-2.5153, 1910, Jan Average, Korea, Republic of, KOR
-3.504, 1910, Feb Average, Korea, Republic of, KOR
2.1396, 1910, Mar Average, Korea, Republic of, KOR
8.85049, 1910, Apr Average, Korea, Republic of, KOR
14.672, 1910, May Average, Korea, Republic of, KOR
18.8851, 1910, Jun Average, Korea, Republic of, KOR
22.1813, 1910, Jul Average, Korea, Republic of, KOR
23.0479, 1910, Aug Average, Korea, Republic of, KOR
17.7161, 1910, Sep Average, Korea, Republic of, KOR
12.4517, 1910, Oct Average, Korea, Republic of, KOR
5.00069, 1910, Nov Average, Korea, Republic of, KOR
-3.8405, 1910, Dec Average, Korea, Republic of, KOR
-4.3324, 1911, Jan Average, Korea, Republic of, KOR
-1.3821, 1911, Feb Average, Korea, Republic of, KOR
3.46851, 1911, Mar Average, Korea, Republic of, KOR
8.73306, 1911, Apr Average, Korea, Republic of, KOR
14.5609, 1911, May Average, Korea, Republic of, KOR
19.0409, 1911, Jun Average, Korea, Republic of, KOR
22.2434, 1911, Jul Average, Korea, Republic of, KOR
23.5541, 1911, Aug Average, Korea, Republic of, KOR
19.733, 1911, Sep Average, Korea, Republic of, KOR
11.1813, 1911, Oct Average, Korea, Republic of, KOR
5.75254, 1911, Nov Average, Korea, Republic of, KOR
-2.6754, 1911, Dec Average, Korea, Republic of, KOR
-4.2985, 1912, Jan Average, Korea, Republic of, KOR
0.64392, 1912, Feb Average, Korea, Republic of, KOR
3.79725, 1912, Mar Average, Korea, Republic of, KOR
9.54344, 1912, Apr Average, Korea, Republic of, KOR
13.9202, 1912, May Average, Korea, Republic of, KOR
19.3734, 1912, Jun Average, Korea, Republic of, KOR
22.5085, 1912, Jul Average, Korea, Republic of, KOR
23.4943, 1912, Aug Average, Korea, Republic of, KOR
17.2352, 1912, Sep Average, Korea, Republic of, KOR
10.7613, 1912, Oct Average, Korea, Republic of, KOR
2.17425, 1912, Nov Average, Korea, Republic of, KOR
-2.4376, 1912, Dec Average, Korea, Republic of, KOR
-4.7846, 1913, Jan Average, Korea, Republic of, KOR
-3.3016, 1913, Feb Average, Korea, Republic of, KOR
1.59067, 1913, Mar Average, Korea, Republic of, KOR
10.0368, 1913, Apr Average, Korea, Republic of, KOR
13.4296, 1913, May Average, Korea, Republic of, KOR
18.6817, 1913, Jun Average, Korea, Republic of, KOR
21.3416, 1913, Jul Average, Korea, Republic of, KOR
22.4086, 1913, Aug Average, Korea, Republic of, KOR
17.712, 1913, Sep Average, Korea, Republic of, KOR
11.9457, 1913, Oct Average, Korea, Republic of, KOR
4.73047, 1913, Nov Average, Korea, Republic of, KOR
-1.9036, 1913, Dec Average, Korea, Republic of, KOR
-2.575, 1914, Jan Average, Korea, Republic of, KOR
-0.5994, 1914, Feb Average, Korea, Republic of, KOR
4.77292, 1914, Mar Average, Korea, Republic of, KOR
9.08502, 1914, Apr Average, Korea, Republic of, KOR
15.438, 1914, May Average, Korea, Republic of, KOR
19.6463, 1914, Jun Average, Korea, Republic of, KOR
24.9983, 1914, Jul Average, Korea, Republic of, KOR
24.0204, 1914, Aug Average, Korea, Republic of, KOR
19.1791, 1914, Sep Average, Korea, Republic of, KOR
12.6489, 1914, Oct Average, Korea, Republic of, KOR
5.62164, 1914, Nov Average, Korea, Republic of, KOR
-1.0387, 1914, Dec Average, Korea, Republic of, KOR
-4.1502, 1915, Jan Average, Korea, Republic of, KOR
-2.3787, 1915, Feb Average, Korea, Republic of, KOR
1.00494, 1915, Mar Average, Korea, Republic of, KOR
8.66693, 1915, Apr Average, Korea, Republic of, KOR
13.9701, 1915, May Average, Korea, Republic of, KOR
19.5811, 1915, Jun Average, Korea, Republic of, KOR
23.6584, 1915, Jul Average, Korea, Republic of, KOR
23.4099, 1915, Aug Average, Korea, Republic of, KOR
18.1223, 1915, Sep Average, Korea, Republic of, KOR
13.7592, 1915, Oct Average, Korea, Republic of, KOR
6.13273, 1915, Nov Average, Korea, Republic of, KOR
0.33523, 1915, Dec Average, Korea, Republic of, KOR
-0.9779, 1916, Jan Average, Korea, Republic of, KOR
-1.363, 1916, Feb Average, Korea, Republic of, KOR
0.51079, 1916, Mar Average, Korea, Republic of, KOR
9.45739, 1916, Apr Average, Korea, Republic of, KOR
13.9701, 1916, May Average, Korea, Republic of, KOR
19.5344, 1916, Jun Average, Korea, Republic of, KOR
22.1744, 1916, Jul Average, Korea, Republic of, KOR
23.6664, 1916, Aug Average, Korea, Republic of, KOR
18.8732, 1916, Sep Average, Korea, Republic of, KOR
12.0346, 1916, Oct Average, Korea, Republic of, KOR
6.18552, 1916, Nov Average, Korea, Republic of, KOR
-1.1814, 1916, Dec Average, Korea, Republic of, KOR
-7.5523, 1917, Jan Average, Korea, Republic of, KOR
-3.4666, 1917, Feb Average, Korea, Republic of, KOR
1.96523, 1917, Mar Average, Korea, Republic of, KOR
9.17501, 1917, Apr Average, Korea, Republic of, KOR
13.1666, 1917, May Average, Korea, Republic of, KOR
19.2442, 1917, Jun Average, Korea, Republic of, KOR
24.1026, 1917, Jul Average, Korea, Republic of, KOR
23.2778, 1917, Aug Average, Korea, Republic of, KOR
19.0296, 1917, Sep Average, Korea, Republic of, KOR
12.451, 1917, Oct Average, Korea, Republic of, KOR
2.86636, 1917, Nov Average, Korea, Republic of, KOR
-4.8109, 1917, Dec Average, Korea, Republic of, KOR
-6.5723, 1918, Jan Average, Korea, Republic of, KOR
-0.911, 1918, Feb Average, Korea, Republic of, KOR
3.54715, 1918, Mar Average, Korea, Republic of, KOR
9.53574, 1918, Apr Average, Korea, Republic of, KOR
13.531, 1918, May Average, Korea, Republic of, KOR
18.8314, 1918, Jun Average, Korea, Republic of, KOR
22.121, 1918, Jul Average, Korea, Republic of, KOR
22.9477, 1918, Aug Average, Korea, Republic of, KOR
17.753, 1918, Sep Average, Korea, Republic of, KOR
11.9369, 1918, Oct Average, Korea, Republic of, KOR
4.39324, 1918, Nov Average, Korea, Republic of, KOR
-1.3586, 1918, Dec Average, Korea, Republic of, KOR
-4.4203, 1919, Jan Average, Korea, Republic of, KOR
-1.7722, 1919, Feb Average, Korea, Republic of, KOR
4.43518, 1919, Mar Average, Korea, Republic of, KOR
9.73487, 1919, Apr Average, Korea, Republic of, KOR
14.8218, 1919, May Average, Korea, Republic of, KOR
19.8593, 1919, Jun Average, Korea, Republic of, KOR
23.4184, 1919, Jul Average, Korea, Republic of, KOR
23.7469, 1919, Aug Average, Korea, Republic of, KOR
17.9263, 1919, Sep Average, Korea, Republic of, KOR
11.8712, 1919, Oct Average, Korea, Republic of, KOR
5.33021, 1919, Nov Average, Korea, Republic of, KOR
-2.5332, 1919, Dec Average, Korea, Republic of, KOR
-4.8547, 1920, Jan Average, Korea, Republic of, KOR
-3.1777, 1920, Feb Average, Korea, Republic of, KOR
3.93054, 1920, Mar Average, Korea, Republic of, KOR
9.59822, 1920, Apr Average, Korea, Republic of, KOR
14.8229, 1920, May Average, Korea, Republic of, KOR
19.8193, 1920, Jun Average, Korea, Republic of, KOR
23.9826, 1920, Jul Average, Korea, Republic of, KOR
23.4183, 1920, Aug Average, Korea, Republic of, KOR
19.5238, 1920, Sep Average, Korea, Republic of, KOR
13.2952, 1920, Oct Average, Korea, Republic of, KOR
6.78452, 1920, Nov Average, Korea, Republic of, KOR
-0.9464, 1920, Dec Average, Korea, Republic of, KOR
-2.6356, 1921, Jan Average, Korea, Republic of, KOR
-1.4035, 1921, Feb Average, Korea, Republic of, KOR
2.41552, 1921, Mar Average, Korea, Republic of, KOR
9.70405, 1921, Apr Average, Korea, Republic of, KOR
14.5006, 1921, May Average, Korea, Republic of, KOR
18.372, 1921, Jun Average, Korea, Republic of, KOR
22.5147, 1921, Jul Average, Korea, Republic of, KOR
23.9622, 1921, Aug Average, Korea, Republic of, KOR
18.0865, 1921, Sep Average, Korea, Republic of, KOR
11.4135, 1921, Oct Average, Korea, Republic of, KOR
3.33912, 1921, Nov Average, Korea, Republic of, KOR
-0.933, 1921, Dec Average, Korea, Republic of, KOR
-6.551, 1922, Jan Average, Korea, Republic of, KOR
0.19805, 1922, Feb Average, Korea, Republic of, KOR
2.7523, 1922, Mar Average, Korea, Republic of, KOR
11.055, 1922, Apr Average, Korea, Republic of, KOR
14.8205, 1922, May Average, Korea, Republic of, KOR
20.4611, 1922, Jun Average, Korea, Republic of, KOR
23.1297, 1922, Jul Average, Korea, Republic of, KOR
24.8635, 1922, Aug Average, Korea, Republic of, KOR
19.4257, 1922, Sep Average, Korea, Republic of, KOR
12.6812, 1922, Oct Average, Korea, Republic of, KOR
3.80513, 1922, Nov Average, Korea, Republic of, KOR
-2.8835, 1922, Dec Average, Korea, Republic of, KOR
-5.3083, 1923, Jan Average, Korea, Republic of, KOR
-3.2247, 1923, Feb Average, Korea, Republic of, KOR
4.33724, 1923, Mar Average, Korea, Republic of, KOR
8.6989, 1923, Apr Average, Korea, Republic of, KOR
15.0686, 1923, May Average, Korea, Republic of, KOR
19.0877, 1923, Jun Average, Korea, Republic of, KOR
22.3251, 1923, Jul Average, Korea, Republic of, KOR
24.852, 1923, Aug Average, Korea, Republic of, KOR
18.3801, 1923, Sep Average, Korea, Republic of, KOR
11.6817, 1923, Oct Average, Korea, Republic of, KOR
4.47107, 1923, Nov Average, Korea, Republic of, KOR
-1.8155, 1923, Dec Average, Korea, Republic of, KOR
-2.9176, 1924, Jan Average, Korea, Republic of, KOR
-2.0691, 1924, Feb Average, Korea, Republic of, KOR
0.62178, 1924, Mar Average, Korea, Republic of, KOR
10.0098, 1924, Apr Average, Korea, Republic of, KOR
14.3255, 1924, May Average, Korea, Republic of, KOR
19.2451, 1924, Jun Average, Korea, Republic of, KOR
24.4397, 1924, Jul Average, Korea, Republic of, KOR
24.3168, 1924, Aug Average, Korea, Republic of, KOR
18.372, 1924, Sep Average, Korea, Republic of, KOR
11.9299, 1924, Oct Average, Korea, Republic of, KOR
3.24248, 1924, Nov Average, Korea, Republic of, KOR
-1.9092, 1924, Dec Average, Korea, Republic of, KOR
-3.9631, 1925, Jan Average, Korea, Republic of, KOR
-3.2002, 1925, Feb Average, Korea, Republic of, KOR
1.90598, 1925, Mar Average, Korea, Republic of, KOR
8.5279, 1925, Apr Average, Korea, Republic of, KOR
14.7191, 1925, May Average, Korea, Republic of, KOR
19.1522, 1925, Jun Average, Korea, Republic of, KOR
22.2447, 1925, Jul Average, Korea, Republic of, KOR
23.6796, 1925, Aug Average, Korea, Republic of, KOR
18.3172, 1925, Sep Average, Korea, Republic of, KOR
11.9306, 1925, Oct Average, Korea, Republic of, KOR
6.54305, 1925, Nov Average, Korea, Republic of, KOR
-1.5481, 1925, Dec Average, Korea, Republic of, KOR
-4.1765, 1926, Jan Average, Korea, Republic of, KOR
-2.5801, 1926, Feb Average, Korea, Republic of, KOR
2.89214, 1926, Mar Average, Korea, Republic of, KOR
8.44604, 1926, Apr Average, Korea, Republic of, KOR
14.7874, 1926, May Average, Korea, Republic of, KOR
18.9362, 1926, Jun Average, Korea, Republic of, KOR
22.9629, 1926, Jul Average, Korea, Republic of, KOR
24.3932, 1926, Aug Average, Korea, Republic of, KOR
18.9274, 1926, Sep Average, Korea, Republic of, KOR
10.6689, 1926, Oct Average, Korea, Republic of, KOR
5.66278, 1926, Nov Average, Korea, Republic of, KOR
-3.4844, 1926, Dec Average, Korea, Republic of, KOR
-4.152, 1927, Jan Average, Korea, Republic of, KOR
-3.1253, 1927, Feb Average, Korea, Republic of, KOR
2.76078, 1927, Mar Average, Korea, Republic of, KOR
10.072, 1927, Apr Average, Korea, Republic of, KOR
13.1935, 1927, May Average, Korea, Republic of, KOR
19.6136, 1927, Jun Average, Korea, Republic of, KOR
24.4747, 1927, Jul Average, Korea, Republic of, KOR
23.4874, 1927, Aug Average, Korea, Republic of, KOR
17.9108, 1927, Sep Average, Korea, Republic of, KOR
11.7459, 1927, Oct Average, Korea, Republic of, KOR
6.99129, 1927, Nov Average, Korea, Republic of, KOR
-1.2731, 1927, Dec Average, Korea, Republic of, KOR
-4.415, 1928, Jan Average, Korea, Republic of, KOR
-2.6471, 1928, Feb Average, Korea, Republic of, KOR
3.20211, 1928, Mar Average, Korea, Republic of, KOR
10.3653, 1928, Apr Average, Korea, Republic of, KOR
15.4749, 1928, May Average, Korea, Republic of, KOR
19.6126, 1928, Jun Average, Korea, Republic of, KOR
22.8873, 1928, Jul Average, Korea, Republic of, KOR
23.3938, 1928, Aug Average, Korea, Republic of, KOR
19.0219, 1928, Sep Average, Korea, Republic of, KOR
11.4797, 1928, Oct Average, Korea, Republic of, KOR
4.6581, 1928, Nov Average, Korea, Republic of, KOR
-1.7245, 1928, Dec Average, Korea, Republic of, KOR
-4.7197, 1929, Jan Average, Korea, Republic of, KOR
-3.258, 1929, Feb Average, Korea, Republic of, KOR
3.36721, 1929, Mar Average, Korea, Republic of, KOR
9.20931, 1929, Apr Average, Korea, Republic of, KOR
14.842, 1929, May Average, Korea, Republic of, KOR
20.8358, 1929, Jun Average, Korea, Republic of, KOR
24.4216, 1929, Jul Average, Korea, Republic of, KOR
24.5683, 1929, Aug Average, Korea, Republic of, KOR
17.5427, 1929, Sep Average, Korea, Republic of, KOR
11.845, 1929, Oct Average, Korea, Republic of, KOR
4.22195, 1929, Nov Average, Korea, Republic of, KOR
1.12311, 1929, Dec Average, Korea, Republic of, KOR
-4.6719, 1930, Jan Average, Korea, Republic of, KOR
0.23614, 1930, Feb Average, Korea, Republic of, KOR
5.38852, 1930, Mar Average, Korea, Republic of, KOR
10.7912, 1930, Apr Average, Korea, Republic of, KOR
15.2156, 1930, May Average, Korea, Republic of, KOR
19.4996, 1930, Jun Average, Korea, Republic of, KOR
24.699, 1930, Jul Average, Korea, Republic of, KOR
24.2734, 1930, Aug Average, Korea, Republic of, KOR
17.7986, 1930, Sep Average, Korea, Republic of, KOR
12.663, 1930, Oct Average, Korea, Republic of, KOR
3.14519, 1930, Nov Average, Korea, Republic of, KOR
-0.909, 1930, Dec Average, Korea, Republic of, KOR
-3.2808, 1931, Jan Average, Korea, Republic of, KOR
-2.6815, 1931, Feb Average, Korea, Republic of, KOR
3.98688, 1931, Mar Average, Korea, Republic of, KOR
8.01456, 1931, Apr Average, Korea, Republic of, KOR
14.3796, 1931, May Average, Korea, Republic of, KOR
19.6449, 1931, Jun Average, Korea, Republic of, KOR
20.8043, 1931, Jul Average, Korea, Republic of, KOR
23.678, 1931, Aug Average, Korea, Republic of, KOR
18.1442, 1931, Sep Average, Korea, Republic of, KOR
11.0483, 1931, Oct Average, Korea, Republic of, KOR
6.85342, 1931, Nov Average, Korea, Republic of, KOR
-0.5136, 1931, Dec Average, Korea, Republic of, KOR
-1.234, 1932, Jan Average, Korea, Republic of, KOR
-2.1136, 1932, Feb Average, Korea, Republic of, KOR
2.11794, 1932, Mar Average, Korea, Republic of, KOR
8.68269, 1932, Apr Average, Korea, Republic of, KOR
15.0887, 1932, May Average, Korea, Republic of, KOR
19.3761, 1932, Jun Average, Korea, Republic of, KOR
24.7232, 1932, Jul Average, Korea, Republic of, KOR
23.542, 1932, Aug Average, Korea, Republic of, KOR
17.6568, 1932, Sep Average, Korea, Republic of, KOR
11.1453, 1932, Oct Average, Korea, Republic of, KOR
5.1578, 1932, Nov Average, Korea, Republic of, KOR
0.09202, 1932, Dec Average, Korea, Republic of, KOR
-6.0384, 1933, Jan Average, Korea, Republic of, KOR
-3.2569, 1933, Feb Average, Korea, Republic of, KOR
1.04778, 1933, Mar Average, Korea, Republic of, KOR
9.42756, 1933, Apr Average, Korea, Republic of, KOR
15.3388, 1933, May Average, Korea, Republic of, KOR
20.1374, 1933, Jun Average, Korea, Republic of, KOR
24.4666, 1933, Jul Average, Korea, Republic of, KOR
23.1465, 1933, Aug Average, Korea, Republic of, KOR
18.4509, 1933, Sep Average, Korea, Republic of, KOR
12.0035, 1933, Oct Average, Korea, Republic of, KOR
5.29148, 1933, Nov Average, Korea, Republic of, KOR
0.44295, 1933, Dec Average, Korea, Republic of, KOR
-7.0035, 1934, Jan Average, Korea, Republic of, KOR
-2.2922, 1934, Feb Average, Korea, Republic of, KOR
2.21768, 1934, Mar Average, Korea, Republic of, KOR
8.59836, 1934, Apr Average, Korea, Republic of, KOR
15.676, 1934, May Average, Korea, Republic of, KOR
19.8413, 1934, Jun Average, Korea, Republic of, KOR
23.3136, 1934, Jul Average, Korea, Republic of, KOR
23.3571, 1934, Aug Average, Korea, Republic of, KOR
17.8923, 1934, Sep Average, Korea, Republic of, KOR
10.7275, 1934, Oct Average, Korea, Republic of, KOR
4.19177, 1934, Nov Average, Korea, Republic of, KOR
0.5967, 1934, Dec Average, Korea, Republic of, KOR
-3.0591, 1935, Jan Average, Korea, Republic of, KOR
-0.608, 1935, Feb Average, Korea, Republic of, KOR
4.91197, 1935, Mar Average, Korea, Republic of, KOR
10.0038, 1935, Apr Average, Korea, Republic of, KOR
15.1719, 1935, May Average, Korea, Republic of, KOR
19.5776, 1935, Jun Average, Korea, Republic of, KOR
23.227, 1935, Jul Average, Korea, Republic of, KOR
23.9831, 1935, Aug Average, Korea, Republic of, KOR
18.4031, 1935, Sep Average, Korea, Republic of, KOR
13.1996, 1935, Oct Average, Korea, Republic of, KOR
5.96103, 1935, Nov Average, Korea, Republic of, KOR
-3.0914, 1935, Dec Average, Korea, Republic of, KOR
-7.4041, 1936, Jan Average, Korea, Republic of, KOR
-3.8999, 1936, Feb Average, Korea, Republic of, KOR
0.03357, 1936, Mar Average, Korea, Republic of, KOR
8.74262, 1936, Apr Average, Korea, Republic of, KOR
14.5565, 1936, May Average, Korea, Republic of, KOR
19.9954, 1936, Jun Average, Korea, Republic of, KOR
22.5651, 1936, Jul Average, Korea, Republic of, KOR
22.0303, 1936, Aug Average, Korea, Republic of, KOR
18.964, 1936, Sep Average, Korea, Republic of, KOR
12.3043, 1936, Oct Average, Korea, Republic of, KOR
5.33477, 1936, Nov Average, Korea, Republic of, KOR
-0.1701, 1936, Dec Average, Korea, Republic of, KOR
-3.1044, 1937, Jan Average, Korea, Republic of, KOR
-0.0255, 1937, Feb Average, Korea, Republic of, KOR
3.52825, 1937, Mar Average, Korea, Republic of, KOR
9.99153, 1937, Apr Average, Korea, Republic of, KOR
15.0375, 1937, May Average, Korea, Republic of, KOR
19.7561, 1937, Jun Average, Korea, Republic of, KOR
23.6092, 1937, Jul Average, Korea, Republic of, KOR
25.1661, 1937, Aug Average, Korea, Republic of, KOR
19.0331, 1937, Sep Average, Korea, Republic of, KOR
12.5718, 1937, Oct Average, Korea, Republic of, KOR
6.61045, 1937, Nov Average, Korea, Republic of, KOR
-2.5031, 1937, Dec Average, Korea, Republic of, KOR
-5.6716, 1938, Jan Average, Korea, Republic of, KOR
-3.1734, 1938, Feb Average, Korea, Republic of, KOR
4.24145, 1938, Mar Average, Korea, Republic of, KOR
10.6785, 1938, Apr Average, Korea, Republic of, KOR
15.7943, 1938, May Average, Korea, Republic of, KOR
18.809, 1938, Jun Average, Korea, Republic of, KOR
23.9028, 1938, Jul Average, Korea, Republic of, KOR
24.6837, 1938, Aug Average, Korea, Republic of, KOR
18.0741, 1938, Sep Average, Korea, Republic of, KOR
13.7287, 1938, Oct Average, Korea, Republic of, KOR
4.71445, 1938, Nov Average, Korea, Republic of, KOR
-1.5441, 1938, Dec Average, Korea, Republic of, KOR
-4.3512, 1939, Jan Average, Korea, Republic of, KOR
-1.7761, 1939, Feb Average, Korea, Republic of, KOR
3.61771, 1939, Mar Average, Korea, Republic of, KOR
10.3983, 1939, Apr Average, Korea, Republic of, KOR
14.8203, 1939, May Average, Korea, Republic of, KOR
20.1304, 1939, Jun Average, Korea, Republic of, KOR
25.6979, 1939, Jul Average, Korea, Republic of, KOR
24.6924, 1939, Aug Average, Korea, Republic of, KOR
19.2305, 1939, Sep Average, Korea, Republic of, KOR
13.1817, 1939, Oct Average, Korea, Republic of, KOR
5.61794, 1939, Nov Average, Korea, Republic of, KOR
-0.6554, 1939, Dec Average, Korea, Republic of, KOR
-5.7232, 1940, Jan Average, Korea, Republic of, KOR
-2.2944, 1940, Feb Average, Korea, Republic of, KOR
3.38766, 1940, Mar Average, Korea, Republic of, KOR
8.98521, 1940, Apr Average, Korea, Republic of, KOR
15.3416, 1940, May Average, Korea, Republic of, KOR
19.5355, 1940, Jun Average, Korea, Republic of, KOR
23.6524, 1940, Jul Average, Korea, Republic of, KOR
22.8111, 1940, Aug Average, Korea, Republic of, KOR
17.9861, 1940, Sep Average, Korea, Republic of, KOR
13.156, 1940, Oct Average, Korea, Republic of, KOR
6.30766, 1940, Nov Average, Korea, Republic of, KOR
0.32298, 1940, Dec Average, Korea, Republic of, KOR
-2.6148, 1941, Jan Average, Korea, Republic of, KOR
-1.6832, 1941, Feb Average, Korea, Republic of, KOR
4.20564, 1941, Mar Average, Korea, Republic of, KOR
9.45331, 1941, Apr Average, Korea, Republic of, KOR
15.6702, 1941, May Average, Korea, Republic of, KOR
19.8073, 1941, Jun Average, Korea, Republic of, KOR
21.6292, 1941, Jul Average, Korea, Republic of, KOR
22.5302, 1941, Aug Average, Korea, Republic of, KOR
17.4584, 1941, Sep Average, Korea, Republic of, KOR
11.6799, 1941, Oct Average, Korea, Republic of, KOR
6.90732, 1941, Nov Average, Korea, Republic of, KOR
0.53938, 1941, Dec Average, Korea, Republic of, KOR
-4.9714, 1942, Jan Average, Korea, Republic of, KOR
-3.0683, 1942, Feb Average, Korea, Republic of, KOR
5.51277, 1942, Mar Average, Korea, Republic of, KOR
9.57925, 1942, Apr Average, Korea, Republic of, KOR
13.9792, 1942, May Average, Korea, Republic of, KOR
20.5727, 1942, Jun Average, Korea, Republic of, KOR
25.9493, 1942, Jul Average, Korea, Republic of, KOR
24.3662, 1942, Aug Average, Korea, Republic of, KOR
19.1035, 1942, Sep Average, Korea, Republic of, KOR
11.7053, 1942, Oct Average, Korea, Republic of, KOR
4.72053, 1942, Nov Average, Korea, Republic of, KOR
-1.1054, 1942, Dec Average, Korea, Republic of, KOR
-5.7387, 1943, Jan Average, Korea, Republic of, KOR
-1.8371, 1943, Feb Average, Korea, Republic of, KOR
4.43259, 1943, Mar Average, Korea, Republic of, KOR
9.35764, 1943, Apr Average, Korea, Republic of, KOR
15.4822, 1943, May Average, Korea, Republic of, KOR
20.0501, 1943, Jun Average, Korea, Republic of, KOR
23.6868, 1943, Jul Average, Korea, Republic of, KOR
25.1921, 1943, Aug Average, Korea, Republic of, KOR
19.2231, 1943, Sep Average, Korea, Republic of, KOR
12.7789, 1943, Oct Average, Korea, Republic of, KOR
5.55091, 1943, Nov Average, Korea, Republic of, KOR
0.26914, 1943, Dec Average, Korea, Republic of, KOR
-3.3831, 1944, Jan Average, Korea, Republic of, KOR
-2.3217, 1944, Feb Average, Korea, Republic of, KOR
3.14438, 1944, Mar Average, Korea, Republic of, KOR
8.89537, 1944, Apr Average, Korea, Republic of, KOR
15.0615, 1944, May Average, Korea, Republic of, KOR
20.6616, 1944, Jun Average, Korea, Republic of, KOR
24.4966, 1944, Jul Average, Korea, Republic of, KOR
24.2736, 1944, Aug Average, Korea, Republic of, KOR
19.5385, 1944, Sep Average, Korea, Republic of, KOR
12.2623, 1944, Oct Average, Korea, Republic of, KOR
7.21535, 1944, Nov Average, Korea, Republic of, KOR
-4.2582, 1944, Dec Average, Korea, Republic of, KOR
-6.697, 1945, Jan Average, Korea, Republic of, KOR
-4.3642, 1945, Feb Average, Korea, Republic of, KOR
2.61318, 1945, Mar Average, Korea, Republic of, KOR
10.4158, 1945, Apr Average, Korea, Republic of, KOR
13.1888, 1945, May Average, Korea, Republic of, KOR
19.6916, 1945, Jun Average, Korea, Republic of, KOR
22.1962, 1945, Jul Average, Korea, Republic of, KOR
24.2969, 1945, Aug Average, Korea, Republic of, KOR
19.5677, 1945, Sep Average, Korea, Republic of, KOR
12.3064, 1945, Oct Average, Korea, Republic of, KOR
7.22161, 1945, Nov Average, Korea, Republic of, KOR
-1.1327, 1945, Dec Average, Korea, Republic of, KOR
-2.1242, 1946, Jan Average, Korea, Republic of, KOR
-0.8479, 1946, Feb Average, Korea, Republic of, KOR
2.59594, 1946, Mar Average, Korea, Republic of, KOR
10.2233, 1946, Apr Average, Korea, Republic of, KOR
14.6428, 1946, May Average, Korea, Republic of, KOR
20.522, 1946, Jun Average, Korea, Republic of, KOR
24.5418, 1946, Jul Average, Korea, Republic of, KOR
24.3389, 1946, Aug Average, Korea, Republic of, KOR
18.8286, 1946, Sep Average, Korea, Republic of, KOR
12.5265, 1946, Oct Average, Korea, Republic of, KOR
7.85756, 1946, Nov Average, Korea, Republic of, KOR
-3.1055, 1946, Dec Average, Korea, Republic of, KOR
-3.1126, 1947, Jan Average, Korea, Republic of, KOR
-4.6013, 1947, Feb Average, Korea, Republic of, KOR
1.93461, 1947, Mar Average, Korea, Republic of, KOR
9.8749, 1947, Apr Average, Korea, Republic of, KOR
14.2059, 1947, May Average, Korea, Republic of, KOR
17.7628, 1947, Jun Average, Korea, Republic of, KOR
22.6955, 1947, Jul Average, Korea, Republic of, KOR
24.2735, 1947, Aug Average, Korea, Republic of, KOR
18.4955, 1947, Sep Average, Korea, Republic of, KOR
10.731, 1947, Oct Average, Korea, Republic of, KOR
3.79742, 1947, Nov Average, Korea, Republic of, KOR
-3.8003, 1947, Dec Average, Korea, Republic of, KOR
-3.4772, 1948, Jan Average, Korea, Republic of, KOR
-0.8329, 1948, Feb Average, Korea, Republic of, KOR
3.69841, 1948, Mar Average, Korea, Republic of, KOR
11.1793, 1948, Apr Average, Korea, Republic of, KOR
15.1726, 1948, May Average, Korea, Republic of, KOR
20.1456, 1948, Jun Average, Korea, Republic of, KOR
23.0801, 1948, Jul Average, Korea, Republic of, KOR
24.053, 1948, Aug Average, Korea, Republic of, KOR
18.8097, 1948, Sep Average, Korea, Republic of, KOR
12.774, 1948, Oct Average, Korea, Republic of, KOR
5.30041, 1948, Nov Average, Korea, Republic of, KOR
3.36037, 1948, Dec Average, Korea, Republic of, KOR
-2.4874, 1949, Jan Average, Korea, Republic of, KOR
0.84944, 1949, Feb Average, Korea, Republic of, KOR
2.99206, 1949, Mar Average, Korea, Republic of, KOR
8.82187, 1949, Apr Average, Korea, Republic of, KOR
15.5059, 1949, May Average, Korea, Republic of, KOR
18.417, 1949, Jun Average, Korea, Republic of, KOR
22.4531, 1949, Jul Average, Korea, Republic of, KOR
24.3889, 1949, Aug Average, Korea, Republic of, KOR
19.3465, 1949, Sep Average, Korea, Republic of, KOR
12.636, 1949, Oct Average, Korea, Republic of, KOR
6.03664, 1949, Nov Average, Korea, Republic of, KOR
-0.6974, 1949, Dec Average, Korea, Republic of, KOR
-1.1011, 1950, Jan Average, Korea, Republic of, KOR
-0.7275, 1950, Feb Average, Korea, Republic of, KOR
3.75127, 1950, Mar Average, Korea, Republic of, KOR
10.9487, 1950, Apr Average, Korea, Republic of, KOR
15.676, 1950, May Average, Korea, Republic of, KOR
19.3915, 1950, Jun Average, Korea, Republic of, KOR
24.2814, 1950, Jul Average, Korea, Republic of, KOR
24.2573, 1950, Aug Average, Korea, Republic of, KOR
18.6296, 1950, Sep Average, Korea, Republic of, KOR
12.8158, 1950, Oct Average, Korea, Republic of, KOR
5.65956, 1950, Nov Average, Korea, Republic of, KOR
-1.4415, 1950, Dec Average, Korea, Republic of, KOR
-3.0368, 1951, Jan Average, Korea, Republic of, KOR
-0.3455, 1951, Feb Average, Korea, Republic of, KOR
2.80232, 1951, Mar Average, Korea, Republic of, KOR
9.2696, 1951, Apr Average, Korea, Republic of, KOR
15.6011, 1951, May Average, Korea, Republic of, KOR
19.7245, 1951, Jun Average, Korea, Republic of, KOR
22.8886, 1951, Jul Average, Korea, Republic of, KOR
25.4603, 1951, Aug Average, Korea, Republic of, KOR
18.0821, 1951, Sep Average, Korea, Republic of, KOR
13.5936, 1951, Oct Average, Korea, Republic of, KOR
6.16077, 1951, Nov Average, Korea, Republic of, KOR
1.44046, 1951, Dec Average, Korea, Republic of, KOR
-2.9788, 1952, Jan Average, Korea, Republic of, KOR
-2.8587, 1952, Feb Average, Korea, Republic of, KOR
2.84469, 1952, Mar Average, Korea, Republic of, KOR
10.4397, 1952, Apr Average, Korea, Republic of, KOR
15.7195, 1952, May Average, Korea, Republic of, KOR
20.3405, 1952, Jun Average, Korea, Republic of, KOR
23.5391, 1952, Jul Average, Korea, Republic of, KOR
23.4693, 1952, Aug Average, Korea, Republic of, KOR
18.3434, 1952, Sep Average, Korea, Republic of, KOR
11.7218, 1952, Oct Average, Korea, Republic of, KOR
7.24057, 1952, Nov Average, Korea, Republic of, KOR
-1.8102, 1952, Dec Average, Korea, Republic of, KOR
-4.6588, 1953, Jan Average, Korea, Republic of, KOR
-2.0399, 1953, Feb Average, Korea, Republic of, KOR
4.34661, 1953, Mar Average, Korea, Republic of, KOR
9.28932, 1953, Apr Average, Korea, Republic of, KOR
15.1176, 1953, May Average, Korea, Republic of, KOR
19.0688, 1953, Jun Average, Korea, Republic of, KOR
23.7507, 1953, Jul Average, Korea, Republic of, KOR
24.2572, 1953, Aug Average, Korea, Republic of, KOR
19.0854, 1953, Sep Average, Korea, Republic of, KOR
14.1253, 1953, Oct Average, Korea, Republic of, KOR
4.95931, 1953, Nov Average, Korea, Republic of, KOR
0.96788, 1953, Dec Average, Korea, Republic of, KOR
-1.4428, 1954, Jan Average, Korea, Republic of, KOR
0.33524, 1954, Feb Average, Korea, Republic of, KOR
3.43146, 1954, Mar Average, Korea, Republic of, KOR
10.5374, 1954, Apr Average, Korea, Republic of, KOR
15.0664, 1954, May Average, Korea, Republic of, KOR
17.9449, 1954, Jun Average, Korea, Republic of, KOR
20.8334, 1954, Jul Average, Korea, Republic of, KOR
24.4291, 1954, Aug Average, Korea, Republic of, KOR
19.2586, 1954, Sep Average, Korea, Republic of, KOR
11.4301, 1954, Oct Average, Korea, Republic of, KOR
8.5945, 1954, Nov Average, Korea, Republic of, KOR
-1.2667, 1954, Dec Average, Korea, Republic of, KOR
-4.8321, 1955, Jan Average, Korea, Republic of, KOR
0.30679, 1955, Feb Average, Korea, Republic of, KOR
4.40405, 1955, Mar Average, Korea, Republic of, KOR
10.3877, 1955, Apr Average, Korea, Republic of, KOR
14.924, 1955, May Average, Korea, Republic of, KOR
20.6812, 1955, Jun Average, Korea, Republic of, KOR
24.0106, 1955, Jul Average, Korea, Republic of, KOR
23.8925, 1955, Aug Average, Korea, Republic of, KOR
19.1601, 1955, Sep Average, Korea, Republic of, KOR
11.5722, 1955, Oct Average, Korea, Republic of, KOR
5.19625, 1955, Nov Average, Korea, Republic of, KOR
0.93719, 1955, Dec Average, Korea, Republic of, KOR
-3.3294, 1956, Jan Average, Korea, Republic of, KOR
-2.8161, 1956, Feb Average, Korea, Republic of, KOR
3.26885, 1956, Mar Average, Korea, Republic of, KOR
9.26192, 1956, Apr Average, Korea, Republic of, KOR
14.2925, 1956, May Average, Korea, Republic of, KOR
18.9207, 1956, Jun Average, Korea, Republic of, KOR
23.1336, 1956, Jul Average, Korea, Republic of, KOR
22.7277, 1956, Aug Average, Korea, Republic of, KOR
18.6343, 1956, Sep Average, Korea, Republic of, KOR
12.0153, 1956, Oct Average, Korea, Republic of, KOR
3.28622, 1956, Nov Average, Korea, Republic of, KOR
-3.8569, 1956, Dec Average, Korea, Republic of, KOR
-2.4662, 1957, Jan Average, Korea, Republic of, KOR
-3.4211, 1957, Feb Average, Korea, Republic of, KOR
0.83421, 1957, Mar Average, Korea, Republic of, KOR
9.8772, 1957, Apr Average, Korea, Republic of, KOR
15.4496, 1957, May Average, Korea, Republic of, KOR
18.7423, 1957, Jun Average, Korea, Republic of, KOR
21.8383, 1957, Jul Average, Korea, Republic of, KOR
22.3632, 1957, Aug Average, Korea, Republic of, KOR
17.081, 1957, Sep Average, Korea, Republic of, KOR
11.8553, 1957, Oct Average, Korea, Republic of, KOR
7.24769, 1957, Nov Average, Korea, Republic of, KOR
-0.01, 1957, Dec Average, Korea, Republic of, KOR
-4.745, 1958, Jan Average, Korea, Republic of, KOR
-0.4379, 1958, Feb Average, Korea, Republic of, KOR
3.85961, 1958, Mar Average, Korea, Republic of, KOR
10.1605, 1958, Apr Average, Korea, Republic of, KOR
14.9579, 1958, May Average, Korea, Republic of, KOR
20.6686, 1958, Jun Average, Korea, Republic of, KOR
24.0016, 1958, Jul Average, Korea, Republic of, KOR
22.2595, 1958, Aug Average, Korea, Republic of, KOR
18.5018, 1958, Sep Average, Korea, Republic of, KOR
11.5581, 1958, Oct Average, Korea, Republic of, KOR
6.18705, 1958, Nov Average, Korea, Republic of, KOR
3.1008, 1958, Dec Average, Korea, Republic of, KOR
-4.4751, 1959, Jan Average, Korea, Republic of, KOR
1.9391, 1959, Feb Average, Korea, Republic of, KOR
5.72118, 1959, Mar Average, Korea, Republic of, KOR
9.8665, 1959, Apr Average, Korea, Republic of, KOR
16.1244, 1959, May Average, Korea, Republic of, KOR
19.6036, 1959, Jun Average, Korea, Republic of, KOR
23.7698, 1959, Jul Average, Korea, Republic of, KOR
24.3773, 1959, Aug Average, Korea, Republic of, KOR
19.4716, 1959, Sep Average, Korea, Republic of, KOR
13.68, 1959, Oct Average, Korea, Republic of, KOR
5.89421, 1959, Nov Average, Korea, Republic of, KOR
0.68559, 1959, Dec Average, Korea, Republic of, KOR
-3.2065, 1960, Jan Average, Korea, Republic of, KOR
1.23071, 1960, Feb Average, Korea, Republic of, KOR
6.01441, 1960, Mar Average, Korea, Republic of, KOR
9.55934, 1960, Apr Average, Korea, Republic of, KOR
14.9033, 1960, May Average, Korea, Republic of, KOR
20.0203, 1960, Jun Average, Korea, Republic of, KOR
24.2511, 1960, Jul Average, Korea, Republic of, KOR
24.8021, 1960, Aug Average, Korea, Republic of, KOR
19.1765, 1960, Sep Average, Korea, Republic of, KOR
13.22, 1960, Oct Average, Korea, Republic of, KOR
6.54284, 1960, Nov Average, Korea, Republic of, KOR
-1.5889, 1960, Dec Average, Korea, Republic of, KOR
-4.6735, 1961, Jan Average, Korea, Republic of, KOR
-1.2405, 1961, Feb Average, Korea, Republic of, KOR
4.88025, 1961, Mar Average, Korea, Republic of, KOR
10.8268, 1961, Apr Average, Korea, Republic of, KOR
15.8191, 1961, May Average, Korea, Republic of, KOR
20.2925, 1961, Jun Average, Korea, Republic of, KOR
25.2005, 1961, Jul Average, Korea, Republic of, KOR
24.9022, 1961, Aug Average, Korea, Republic of, KOR
20.1292, 1961, Sep Average, Korea, Republic of, KOR
14.252, 1961, Oct Average, Korea, Republic of, KOR
7.61993, 1961, Nov Average, Korea, Republic of, KOR
-0.441, 1961, Dec Average, Korea, Republic of, KOR
-3.6245, 1962, Jan Average, Korea, Republic of, KOR
-0.5344, 1962, Feb Average, Korea, Republic of, KOR
3.2707, 1962, Mar Average, Korea, Republic of, KOR
9.29581, 1962, Apr Average, Korea, Republic of, KOR
16.2023, 1962, May Average, Korea, Republic of, KOR
19.5385, 1962, Jun Average, Korea, Republic of, KOR
23.8155, 1962, Jul Average, Korea, Republic of, KOR
23.7483, 1962, Aug Average, Korea, Republic of, KOR
18.6713, 1962, Sep Average, Korea, Republic of, KOR
12.1305, 1962, Oct Average, Korea, Republic of, KOR
5.23422, 1962, Nov Average, Korea, Republic of, KOR
0.83264, 1962, Dec Average, Korea, Republic of, KOR
-7.7691, 1963, Jan Average, Korea, Republic of, KOR
-2.7462, 1963, Feb Average, Korea, Republic of, KOR
4.17734, 1963, Mar Average, Korea, Republic of, KOR
9.65245, 1963, Apr Average, Korea, Republic of, KOR
15.1049, 1963, May Average, Korea, Republic of, KOR
18.6408, 1963, Jun Average, Korea, Republic of, KOR
23.4036, 1963, Jul Average, Korea, Republic of, KOR
23.8115, 1963, Aug Average, Korea, Republic of, KOR
18.6663, 1963, Sep Average, Korea, Republic of, KOR
12.0803, 1963, Oct Average, Korea, Republic of, KOR
6.04754, 1963, Nov Average, Korea, Republic of, KOR
0.81336, 1963, Dec Average, Korea, Republic of, KOR
-0.965, 1964, Jan Average, Korea, Republic of, KOR
-3.3459, 1964, Feb Average, Korea, Republic of, KOR
3.5266, 1964, Mar Average, Korea, Republic of, KOR
11.5457, 1964, Apr Average, Korea, Republic of, KOR
16.3597, 1964, May Average, Korea, Republic of, KOR
19.9314, 1964, Jun Average, Korea, Republic of, KOR
24.4037, 1964, Jul Average, Korea, Republic of, KOR
25.2273, 1964, Aug Average, Korea, Republic of, KOR
19.3068, 1964, Sep Average, Korea, Republic of, KOR
12.6504, 1964, Oct Average, Korea, Republic of, KOR
5.73501, 1964, Nov Average, Korea, Republic of, KOR
0.14768, 1964, Dec Average, Korea, Republic of, KOR
-4.0814, 1965, Jan Average, Korea, Republic of, KOR
-1.613, 1965, Feb Average, Korea, Republic of, KOR
2.45738, 1965, Mar Average, Korea, Republic of, KOR
8.88269, 1965, Apr Average, Korea, Republic of, KOR
15.8344, 1965, May Average, Korea, Republic of, KOR
20.2135, 1965, Jun Average, Korea, Republic of, KOR
22.5293, 1965, Jul Average, Korea, Republic of, KOR
23.7483, 1965, Aug Average, Korea, Republic of, KOR
18.8016, 1965, Sep Average, Korea, Republic of, KOR
13.205, 1965, Oct Average, Korea, Republic of, KOR
6.67893, 1965, Nov Average, Korea, Republic of, KOR
-1.6438, 1965, Dec Average, Korea, Republic of, KOR
-3.9265, 1966, Jan Average, Korea, Republic of, KOR
0.07725, 1966, Feb Average, Korea, Republic of, KOR
4.37582, 1966, Mar Average, Korea, Republic of, KOR
9.99815, 1966, Apr Average, Korea, Republic of, KOR
15.8345, 1966, May Average, Korea, Republic of, KOR
19.3401, 1966, Jun Average, Korea, Republic of, KOR
23.0681, 1966, Jul Average, Korea, Republic of, KOR
25.2958, 1966, Aug Average, Korea, Republic of, KOR
18.0281, 1966, Sep Average, Korea, Republic of, KOR
13.0772, 1966, Oct Average, Korea, Republic of, KOR
5.39231, 1966, Nov Average, Korea, Republic of, KOR
-2.1326, 1966, Dec Average, Korea, Republic of, KOR
-4.5068, 1967, Jan Average, Korea, Republic of, KOR
-2.2579, 1967, Feb Average, Korea, Republic of, KOR
4.38512, 1967, Mar Average, Korea, Republic of, KOR
10.261, 1967, Apr Average, Korea, Republic of, KOR
17.1491, 1967, May Average, Korea, Republic of, KOR
20.4269, 1967, Jun Average, Korea, Republic of, KOR
23.9364, 1967, Jul Average, Korea, Republic of, KOR
25.945, 1967, Aug Average, Korea, Republic of, KOR
18.9504, 1967, Sep Average, Korea, Republic of, KOR
12.8116, 1967, Oct Average, Korea, Republic of, KOR
5.49816, 1967, Nov Average, Korea, Republic of, KOR
-4.3281, 1967, Dec Average, Korea, Republic of, KOR
-3.7553, 1968, Jan Average, Korea, Republic of, KOR
-4.4872, 1968, Feb Average, Korea, Republic of, KOR
3.89267, 1968, Mar Average, Korea, Republic of, KOR
10.7718, 1968, Apr Average, Korea, Republic of, KOR
14.8739, 1968, May Average, Korea, Republic of, KOR
19.7813, 1968, Jun Average, Korea, Republic of, KOR
23.5295, 1968, Jul Average, Korea, Republic of, KOR
23.1237, 1968, Aug Average, Korea, Republic of, KOR
18.8635, 1968, Sep Average, Korea, Republic of, KOR
11.4596, 1968, Oct Average, Korea, Republic of, KOR
6.50708, 1968, Nov Average, Korea, Republic of, KOR
2.49072, 1968, Dec Average, Korea, Republic of, KOR
-3.548, 1969, Jan Average, Korea, Republic of, KOR
-2.4506, 1969, Feb Average, Korea, Republic of, KOR
2.19098, 1969, Mar Average, Korea, Republic of, KOR
9.88334, 1969, Apr Average, Korea, Republic of, KOR
15.2298, 1969, May Average, Korea, Republic of, KOR
19.2557, 1969, Jun Average, Korea, Republic of, KOR
22.7997, 1969, Jul Average, Korea, Republic of, KOR
23.875, 1969, Aug Average, Korea, Republic of, KOR
19.0433, 1969, Sep Average, Korea, Republic of, KOR
11.9788, 1969, Oct Average, Korea, Republic of, KOR
4.38752, 1969, Nov Average, Korea, Republic of, KOR
-2.1687, 1969, Dec Average, Korea, Republic of, KOR
-4.8702, 1970, Jan Average, Korea, Republic of, KOR
-0.3517, 1970, Feb Average, Korea, Republic of, KOR
0.5118, 1970, Mar Average, Korea, Republic of, KOR
9.83711, 1970, Apr Average, Korea, Republic of, KOR
15.7915, 1970, May Average, Korea, Republic of, KOR
18.7924, 1970, Jun Average, Korea, Republic of, KOR
22.3452, 1970, Jul Average, Korea, Republic of, KOR
24.19, 1970, Aug Average, Korea, Republic of, KOR
19.6531, 1970, Sep Average, Korea, Republic of, KOR
13.1631, 1970, Oct Average, Korea, Republic of, KOR
4.90711, 1970, Nov Average, Korea, Republic of, KOR
-1.2343, 1970, Dec Average, Korea, Republic of, KOR
-3.5484, 1971, Jan Average, Korea, Republic of, KOR
-1.5684, 1971, Feb Average, Korea, Republic of, KOR
2.29738, 1971, Mar Average, Korea, Republic of, KOR
10.0519, 1971, Apr Average, Korea, Republic of, KOR
15.494, 1971, May Average, Korea, Republic of, KOR
19.8601, 1971, Jun Average, Korea, Republic of, KOR
23.9217, 1971, Jul Average, Korea, Republic of, KOR
22.968, 1971, Aug Average, Korea, Republic of, KOR
18.7179, 1971, Sep Average, Korea, Republic of, KOR
11.462, 1971, Oct Average, Korea, Republic of, KOR
6.70333, 1971, Nov Average, Korea, Republic of, KOR
-1.0653, 1971, Dec Average, Korea, Republic of, KOR
-0.1148, 1972, Jan Average, Korea, Republic of, KOR
-1.0259, 1972, Feb Average, Korea, Republic of, KOR
4.14579, 1972, Mar Average, Korea, Republic of, KOR
10.1033, 1972, Apr Average, Korea, Republic of, KOR
14.3645, 1972, May Average, Korea, Republic of, KOR
20.073, 1972, Jun Average, Korea, Republic of, KOR
23.52, 1972, Jul Average, Korea, Republic of, KOR
22.4691, 1972, Aug Average, Korea, Republic of, KOR
17.6879, 1972, Sep Average, Korea, Republic of, KOR
12.5238, 1972, Oct Average, Korea, Republic of, KOR
4.85102, 1972, Nov Average, Korea, Republic of, KOR
-0.5316, 1972, Dec Average, Korea, Republic of, KOR
-0.8672, 1973, Jan Average, Korea, Republic of, KOR
0.11891, 1973, Feb Average, Korea, Republic of, KOR
3.80142, 1973, Mar Average, Korea, Republic of, KOR
11.4019, 1973, Apr Average, Korea, Republic of, KOR
15.3694, 1973, May Average, Korea, Republic of, KOR
19.7457, 1973, Jun Average, Korea, Republic of, KOR
25.5748, 1973, Jul Average, Korea, Republic of, KOR
25.2146, 1973, Aug Average, Korea, Republic of, KOR
18.6241, 1973, Sep Average, Korea, Republic of, KOR
11.7825, 1973, Oct Average, Korea, Republic of, KOR
4.34543, 1973, Nov Average, Korea, Republic of, KOR
-2.9988, 1973, Dec Average, Korea, Republic of, KOR
-3.3938, 1974, Jan Average, Korea, Republic of, KOR
-2.3304, 1974, Feb Average, Korea, Republic of, KOR
2.92766, 1974, Mar Average, Korea, Republic of, KOR
10.0988, 1974, Apr Average, Korea, Republic of, KOR
15.361, 1974, May Average, Korea, Republic of, KOR
18.9104, 1974, Jun Average, Korea, Republic of, KOR
20.9127, 1974, Jul Average, Korea, Republic of, KOR
23.7018, 1974, Aug Average, Korea, Republic of, KOR
18.6882, 1974, Sep Average, Korea, Republic of, KOR
12.0571, 1974, Oct Average, Korea, Republic of, KOR
4.61506, 1974, Nov Average, Korea, Republic of, KOR
-1.0092, 1974, Dec Average, Korea, Republic of, KOR
-3.0816, 1975, Jan Average, Korea, Republic of, KOR
-1.6796, 1975, Feb Average, Korea, Republic of, KOR
3.61046, 1975, Mar Average, Korea, Republic of, KOR
10.8675, 1975, Apr Average, Korea, Republic of, KOR
14.7054, 1975, May Average, Korea, Republic of, KOR
19.5879, 1975, Jun Average, Korea, Republic of, KOR
23.8298, 1975, Jul Average, Korea, Republic of, KOR
24.9741, 1975, Aug Average, Korea, Republic of, KOR
20.9971, 1975, Sep Average, Korea, Republic of, KOR
13.6447, 1975, Oct Average, Korea, Republic of, KOR
7.46597, 1975, Nov Average, Korea, Republic of, KOR
-1.3441, 1975, Dec Average, Korea, Republic of, KOR
-4.063, 1976, Jan Average, Korea, Republic of, KOR
1.50614, 1976, Feb Average, Korea, Republic of, KOR
3.97143, 1976, Mar Average, Korea, Republic of, KOR
9.90265, 1976, Apr Average, Korea, Republic of, KOR
14.868, 1976, May Average, Korea, Republic of, KOR
19.4994, 1976, Jun Average, Korea, Republic of, KOR
21.7655, 1976, Jul Average, Korea, Republic of, KOR
23.0596, 1976, Aug Average, Korea, Republic of, KOR
17.8187, 1976, Sep Average, Korea, Republic of, KOR
12.4854, 1976, Oct Average, Korea, Republic of, KOR
3.30643, 1976, Nov Average, Korea, Republic of, KOR
-0.6533, 1976, Dec Average, Korea, Republic of, KOR
-6.7882, 1977, Jan Average, Korea, Republic of, KOR
-2.8081, 1977, Feb Average, Korea, Republic of, KOR
4.43092, 1977, Mar Average, Korea, Republic of, KOR
11.0032, 1977, Apr Average, Korea, Republic of, KOR
15.5564, 1977, May Average, Korea, Republic of, KOR
19.6812, 1977, Jun Average, Korea, Republic of, KOR
24.8086, 1977, Jul Average, Korea, Republic of, KOR
22.5205, 1977, Aug Average, Korea, Republic of, KOR
19.7584, 1977, Sep Average, Korea, Republic of, KOR
14.887, 1977, Oct Average, Korea, Republic of, KOR
6.27328, 1977, Nov Average, Korea, Republic of, KOR
1.72034, 1977, Dec Average, Korea, Republic of, KOR
-2.4252, 1978, Jan Average, Korea, Republic of, KOR
-2.394, 1978, Feb Average, Korea, Republic of, KOR
3.64212, 1978, Mar Average, Korea, Republic of, KOR
10.9407, 1978, Apr Average, Korea, Republic of, KOR
16.5269, 1978, May Average, Korea, Republic of, KOR
20.5872, 1978, Jun Average, Korea, Republic of, KOR
25.5965, 1978, Jul Average, Korea, Republic of, KOR
24.8322, 1978, Aug Average, Korea, Republic of, KOR
19.1905, 1978, Sep Average, Korea, Republic of, KOR
12.987, 1978, Oct Average, Korea, Republic of, KOR
6.73847, 1978, Nov Average, Korea, Republic of, KOR
0.92143, 1978, Dec Average, Korea, Republic of, KOR
-0.2873, 1979, Jan Average, Korea, Republic of, KOR
0.73585, 1979, Feb Average, Korea, Republic of, KOR
4.93571, 1979, Mar Average, Korea, Republic of, KOR
9.70966, 1979, Apr Average, Korea, Republic of, KOR
14.938, 1979, May Average, Korea, Republic of, KOR
20.5681, 1979, Jun Average, Korea, Republic of, KOR
22.9663, 1979, Jul Average, Korea, Republic of, KOR
23.8024, 1979, Aug Average, Korea, Republic of, KOR
18.341, 1979, Sep Average, Korea, Republic of, KOR
14.0283, 1979, Oct Average, Korea, Republic of, KOR
5.19478, 1979, Nov Average, Korea, Republic of, KOR
0.81358, 1979, Dec Average, Korea, Republic of, KOR
-3.1664, 1980, Jan Average, Korea, Republic of, KOR
-2.9169, 1980, Feb Average, Korea, Republic of, KOR
4.11775, 1980, Mar Average, Korea, Republic of, KOR
9.22302, 1980, Apr Average, Korea, Republic of, KOR
15.4974, 1980, May Average, Korea, Republic of, KOR
20.8298, 1980, Jun Average, Korea, Republic of, KOR
21.4689, 1980, Jul Average, Korea, Republic of, KOR
20.7234, 1980, Aug Average, Korea, Republic of, KOR
17.8128, 1980, Sep Average, Korea, Republic of, KOR
11.6981, 1980, Oct Average, Korea, Republic of, KOR
7.18557, 1980, Nov Average, Korea, Republic of, KOR
-3.2531, 1980, Dec Average, Korea, Republic of, KOR
-6.1299, 1981, Jan Average, Korea, Republic of, KOR
-2.0999, 1981, Feb Average, Korea, Republic of, KOR
4.12524, 1981, Mar Average, Korea, Republic of, KOR
10.678, 1981, Apr Average, Korea, Republic of, KOR
14.951, 1981, May Average, Korea, Republic of, KOR
19.8724, 1981, Jun Average, Korea, Republic of, KOR
24.5691, 1981, Jul Average, Korea, Republic of, KOR
23.1138, 1981, Aug Average, Korea, Republic of, KOR
18.0733, 1981, Sep Average, Korea, Republic of, KOR
11.7918, 1981, Oct Average, Korea, Republic of, KOR
3.14607, 1981, Nov Average, Korea, Republic of, KOR
-0.7134, 1981, Dec Average, Korea, Republic of, KOR
-3.8094, 1982, Jan Average, Korea, Republic of, KOR
-0.7179, 1982, Feb Average, Korea, Republic of, KOR
4.94368, 1982, Mar Average, Korea, Republic of, KOR
10.4413, 1982, Apr Average, Korea, Republic of, KOR
16.5953, 1982, May Average, Korea, Republic of, KOR
20.2393, 1982, Jun Average, Korea, Republic of, KOR
22.9401, 1982, Jul Average, Korea, Republic of, KOR
23.9696, 1982, Aug Average, Korea, Republic of, KOR
18.5586, 1982, Sep Average, Korea, Republic of, KOR
13.807, 1982, Oct Average, Korea, Republic of, KOR
7.09124, 1982, Nov Average, Korea, Republic of, KOR
-0.588, 1982, Dec Average, Korea, Republic of, KOR
-2.4342, 1983, Jan Average, Korea, Republic of, KOR
-2.3427, 1983, Feb Average, Korea, Republic of, KOR
4.562, 1983, Mar Average, Korea, Republic of, KOR
11.7293, 1983, Apr Average, Korea, Republic of, KOR
15.9713, 1983, May Average, Korea, Republic of, KOR
19.8823, 1983, Jun Average, Korea, Republic of, KOR
22.6262, 1983, Jul Average, Korea, Republic of, KOR
24.448, 1983, Aug Average, Korea, Republic of, KOR
20.1661, 1983, Sep Average, Korea, Republic of, KOR
13.0231, 1983, Oct Average, Korea, Republic of, KOR
5.425, 1983, Nov Average, Korea, Republic of, KOR
-1.6197, 1983, Dec Average, Korea, Republic of, KOR
-5.5129, 1984, Jan Average, Korea, Republic of, KOR
-3.7467, 1984, Feb Average, Korea, Republic of, KOR
1.95606, 1984, Mar Average, Korea, Republic of, KOR
9.8012, 1984, Apr Average, Korea, Republic of, KOR
15.5961, 1984, May Average, Korea, Republic of, KOR
20.6671, 1984, Jun Average, Korea, Republic of, KOR
23.6436, 1984, Jul Average, Korea, Republic of, KOR
25.3042, 1984, Aug Average, Korea, Republic of, KOR
18.7316, 1984, Sep Average, Korea, Republic of, KOR
12.3606, 1984, Oct Average, Korea, Republic of, KOR
6.91515, 1984, Nov Average, Korea, Republic of, KOR
-0.967, 1984, Dec Average, Korea, Republic of, KOR
-5.2839, 1985, Jan Average, Korea, Republic of, KOR
-0.6538, 1985, Feb Average, Korea, Republic of, KOR
3.63997, 1985, Mar Average, Korea, Republic of, KOR
10.4329, 1985, Apr Average, Korea, Republic of, KOR
16.0314, 1985, May Average, Korea, Republic of, KOR
19.6502, 1985, Jun Average, Korea, Republic of, KOR
24.3494, 1985, Jul Average, Korea, Republic of, KOR
25.0686, 1985, Aug Average, Korea, Republic of, KOR
19.6527, 1985, Sep Average, Korea, Republic of, KOR
13.5339, 1985, Oct Average, Korea, Republic of, KOR
5.32356, 1985, Nov Average, Korea, Republic of, KOR
-2.9185, 1985, Dec Average, Korea, Republic of, KOR
-4.8122, 1986, Jan Average, Korea, Republic of, KOR
-3.3917, 1986, Feb Average, Korea, Republic of, KOR
3.82422, 1986, Mar Average, Korea, Republic of, KOR
10.7859, 1986, Apr Average, Korea, Republic of, KOR
15.3355, 1986, May Average, Korea, Republic of, KOR
19.6857, 1986, Jun Average, Korea, Republic of, KOR
21.681, 1986, Jul Average, Korea, Republic of, KOR
23.5244, 1986, Aug Average, Korea, Republic of, KOR
17.992, 1986, Sep Average, Korea, Republic of, KOR
11.1229, 1986, Oct Average, Korea, Republic of, KOR
4.9447, 1986, Nov Average, Korea, Republic of, KOR
1.38298, 1986, Dec Average, Korea, Republic of, KOR
-2.7914, 1987, Jan Average, Korea, Republic of, KOR
-0.1691, 1987, Feb Average, Korea, Republic of, KOR
3.48257, 1987, Mar Average, Korea, Republic of, KOR
10.1332, 1987, Apr Average, Korea, Republic of, KOR
15.5428, 1987, May Average, Korea, Republic of, KOR
20.2829, 1987, Jun Average, Korea, Republic of, KOR
22.9172, 1987, Jul Average, Korea, Republic of, KOR
23.0233, 1987, Aug Average, Korea, Republic of, KOR
18.0637, 1987, Sep Average, Korea, Republic of, KOR
14.1817, 1987, Oct Average, Korea, Republic of, KOR
6.4866, 1987, Nov Average, Korea, Republic of, KOR
0.40214, 1987, Dec Average, Korea, Republic of, KOR
-2.0564, 1988, Jan Average, Korea, Republic of, KOR
-2.0377, 1988, Feb Average, Korea, Republic of, KOR
3.11225, 1988, Mar Average, Korea, Republic of, KOR
10.3983, 1988, Apr Average, Korea, Republic of, KOR
15.64, 1988, May Average, Korea, Republic of, KOR
20.3311, 1988, Jun Average, Korea, Republic of, KOR
22.8652, 1988, Jul Average, Korea, Republic of, KOR
24.0726, 1988, Aug Average, Korea, Republic of, KOR
19.2315, 1988, Sep Average, Korea, Republic of, KOR
13.5404, 1988, Oct Average, Korea, Republic of, KOR
4.98052, 1988, Nov Average, Korea, Republic of, KOR
-0.2364, 1988, Dec Average, Korea, Republic of, KOR
-0.4069, 1989, Jan Average, Korea, Republic of, KOR
1.17871, 1989, Feb Average, Korea, Republic of, KOR
4.72356, 1989, Mar Average, Korea, Republic of, KOR
12.2991, 1989, Apr Average, Korea, Republic of, KOR
16.0367, 1989, May Average, Korea, Republic of, KOR
19.22, 1989, Jun Average, Korea, Republic of, KOR
22.7872, 1989, Jul Average, Korea, Republic of, KOR
23.4129, 1989, Aug Average, Korea, Republic of, KOR
19.0448, 1989, Sep Average, Korea, Republic of, KOR
12.5109, 1989, Oct Average, Korea, Republic of, KOR
6.09714, 1989, Nov Average, Korea, Republic of, KOR
1.07673, 1989, Dec Average, Korea, Republic of, KOR
-3.4397, 1990, Jan Average, Korea, Republic of, KOR
1.81673, 1990, Feb Average, Korea, Republic of, KOR
5.97337, 1990, Mar Average, Korea, Republic of, KOR
10.034, 1990, Apr Average, Korea, Republic of, KOR
15.1725, 1990, May Average, Korea, Republic of, KOR
20.3612, 1990, Jun Average, Korea, Republic of, KOR
24.2132, 1990, Jul Average, Korea, Republic of, KOR
25.4408, 1990, Aug Average, Korea, Republic of, KOR
19.7156, 1990, Sep Average, Korea, Republic of, KOR
13.5687, 1990, Oct Average, Korea, Republic of, KOR
8.83481, 1990, Nov Average, Korea, Republic of, KOR
0.37747, 1990, Dec Average, Korea, Republic of, KOR
-2.5521, 1991, Jan Average, Korea, Republic of, KOR
-1.6153, 1991, Feb Average, Korea, Republic of, KOR
4.03624, 1991, Mar Average, Korea, Republic of, KOR
10.844, 1991, Apr Average, Korea, Republic of, KOR
15.2702, 1991, May Average, Korea, Republic of, KOR
21.141, 1991, Jun Average, Korea, Republic of, KOR
23.1745, 1991, Jul Average, Korea, Republic of, KOR
22.4117, 1991, Aug Average, Korea, Republic of, KOR
19.4517, 1991, Sep Average, Korea, Republic of, KOR
12.6877, 1991, Oct Average, Korea, Republic of, KOR
5.66234, 1991, Nov Average, Korea, Republic of, KOR
1.61283, 1991, Dec Average, Korea, Republic of, KOR
-0.8146, 1992, Jan Average, Korea, Republic of, KOR
-0.0665, 1992, Feb Average, Korea, Republic of, KOR
5.56365, 1992, Mar Average, Korea, Republic of, KOR
10.9506, 1992, Apr Average, Korea, Republic of, KOR
14.6486, 1992, May Average, Korea, Republic of, KOR
19.4726, 1992, Jun Average, Korea, Republic of, KOR
24.3195, 1992, Jul Average, Korea, Republic of, KOR
23.0355, 1992, Aug Average, Korea, Republic of, KOR
19.3413, 1992, Sep Average, Korea, Republic of, KOR
12.3249, 1992, Oct Average, Korea, Republic of, KOR
5.59674, 1992, Nov Average, Korea, Republic of, KOR
0.98866, 1992, Dec Average, Korea, Republic of, KOR
-2.5606, 1993, Jan Average, Korea, Republic of, KOR
0.4529, 1993, Feb Average, Korea, Republic of, KOR
4.25908, 1993, Mar Average, Korea, Republic of, KOR
9.99665, 1993, Apr Average, Korea, Republic of, KOR
15.4494, 1993, May Average, Korea, Republic of, KOR
19.6779, 1993, Jun Average, Korea, Republic of, KOR
21.0757, 1993, Jul Average, Korea, Republic of, KOR
21.0872, 1993, Aug Average, Korea, Republic of, KOR
19.0205, 1993, Sep Average, Korea, Republic of, KOR
12.0872, 1993, Oct Average, Korea, Republic of, KOR
7.18894, 1993, Nov Average, Korea, Republic of, KOR
-0.5155, 1993, Dec Average, Korea, Republic of, KOR
-2.2156, 1994, Jan Average, Korea, Republic of, KOR
-0.4177, 1994, Feb Average, Korea, Republic of, KOR
3.08478, 1994, Mar Average, Korea, Republic of, KOR
12.3635, 1994, Apr Average, Korea, Republic of, KOR
16.214, 1994, May Average, Korea, Republic of, KOR
20.3257, 1994, Jun Average, Korea, Republic of, KOR
26.6592, 1994, Jul Average, Korea, Republic of, KOR
26.2033, 1994, Aug Average, Korea, Republic of, KOR
19.9522, 1994, Sep Average, Korea, Republic of, KOR
13.6775, 1994, Oct Average, Korea, Republic of, KOR
8.25744, 1994, Nov Average, Korea, Republic of, KOR
1.04653, 1994, Dec Average, Korea, Republic of, KOR
-2.6729, 1995, Jan Average, Korea, Republic of, KOR
0.14404, 1995, Feb Average, Korea, Republic of, KOR
4.76945, 1995, Mar Average, Korea, Republic of, KOR
10.443, 1995, Apr Average, Korea, Republic of, KOR
15.1815, 1995, May Average, Korea, Republic of, KOR
19.2205, 1995, Jun Average, Korea, Republic of, KOR
23.797, 1995, Jul Average, Korea, Republic of, KOR
25.5127, 1995, Aug Average, Korea, Republic of, KOR
18.5232, 1995, Sep Average, Korea, Republic of, KOR
13.9, 1995, Oct Average, Korea, Republic of, KOR
5.49525, 1995, Nov Average, Korea, Republic of, KOR
-1.407, 1995, Dec Average, Korea, Republic of, KOR
-2.5487, 1996, Jan Average, Korea, Republic of, KOR
-1.956, 1996, Feb Average, Korea, Republic of, KOR
3.5949, 1996, Mar Average, Korea, Republic of, KOR
9.40272, 1996, Apr Average, Korea, Republic of, KOR
15.707, 1996, May Average, Korea, Republic of, KOR
20.0252, 1996, Jun Average, Korea, Republic of, KOR
23.244, 1996, Jul Average, Korea, Republic of, KOR
24.1647, 1996, Aug Average, Korea, Republic of, KOR
19.6493, 1996, Sep Average, Korea, Republic of, KOR
13.2681, 1996, Oct Average, Korea, Republic of, KOR
5.78225, 1996, Nov Average, Korea, Republic of, KOR
0.54743, 1996, Dec Average, Korea, Republic of, KOR
-3.1108, 1997, Jan Average, Korea, Republic of, KOR
0.07, 1997, Feb Average, Korea, Republic of, KOR
5.5966, 1997, Mar Average, Korea, Republic of, KOR
11.3216, 1997, Apr Average, Korea, Republic of, KOR
15.8369, 1997, May Average, Korea, Republic of, KOR
21.3957, 1997, Jun Average, Korea, Republic of, KOR
24.1192, 1997, Jul Average, Korea, Republic of, KOR
24.4029, 1997, Aug Average, Korea, Republic of, KOR
18.7251, 1997, Sep Average, Korea, Republic of, KOR
12.7624, 1997, Oct Average, Korea, Republic of, KOR
7.55342, 1997, Nov Average, Korea, Republic of, KOR
0.75099, 1997, Dec Average, Korea, Republic of, KOR
-2.3345, 1998, Jan Average, Korea, Republic of, KOR
1.83924, 1998, Feb Average, Korea, Republic of, KOR
6.10692, 1998, Mar Average, Korea, Republic of, KOR
13.1521, 1998, Apr Average, Korea, Republic of, KOR
16.9099, 1998, May Average, Korea, Republic of, KOR
19.6704, 1998, Jun Average, Korea, Republic of, KOR
23.5188, 1998, Jul Average, Korea, Republic of, KOR
24.2455, 1998, Aug Average, Korea, Republic of, KOR
20.8632, 1998, Sep Average, Korea, Republic of, KOR
15.1326, 1998, Oct Average, Korea, Republic of, KOR
6.6717, 1998, Nov Average, Korea, Republic of, KOR
1.64238, 1998, Dec Average, Korea, Republic of, KOR
-1.513, 1999, Jan Average, Korea, Republic of, KOR
0.19679, 1999, Feb Average, Korea, Republic of, KOR
5.23563, 1999, Mar Average, Korea, Republic of, KOR
11.3831, 1999, Apr Average, Korea, Republic of, KOR
16.1859, 1999, May Average, Korea, Republic of, KOR
21.0399, 1999, Jun Average, Korea, Republic of, KOR
23.0409, 1999, Jul Average, Korea, Republic of, KOR
23.4161, 1999, Aug Average, Korea, Republic of, KOR
20.86, 1999, Sep Average, Korea, Republic of, KOR
13.2072, 1999, Oct Average, Korea, Republic of, KOR
6.6155, 1999, Nov Average, Korea, Republic of, KOR
-0.0628, 1999, Dec Average, Korea, Republic of, KOR
-2.2512, 2000, Jan Average, Korea, Republic of, KOR
-2.0145, 2000, Feb Average, Korea, Republic of, KOR
5.21708, 2000, Mar Average, Korea, Republic of, KOR
10.7363, 2000, Apr Average, Korea, Republic of, KOR
15.7389, 2000, May Average, Korea, Republic of, KOR
20.8627, 2000, Jun Average, Korea, Republic of, KOR
25.1018, 2000, Jul Average, Korea, Republic of, KOR
24.6359, 2000, Aug Average, Korea, Republic of, KOR
18.6047, 2000, Sep Average, Korea, Republic of, KOR
13.4655, 2000, Oct Average, Korea, Republic of, KOR
6.04216, 2000, Nov Average, Korea, Republic of, KOR
0.5544, 2000, Dec Average, Korea, Republic of, KOR
-3.8247, 2001, Jan Average, Korea, Republic of, KOR
-0.3207, 2001, Feb Average, Korea, Republic of, KOR
4.59369, 2001, Mar Average, Korea, Republic of, KOR
11.9245, 2001, Apr Average, Korea, Republic of, KOR
17.0021, 2001, May Average, Korea, Republic of, KOR
21.0546, 2001, Jun Average, Korea, Republic of, KOR
25.0967, 2001, Jul Average, Korea, Republic of, KOR
24.649, 2001, Aug Average, Korea, Republic of, KOR
19.7846, 2001, Sep Average, Korea, Republic of, KOR
14.5998, 2001, Oct Average, Korea, Republic of, KOR
6.16378, 2001, Nov Average, Korea, Republic of, KOR
-0.8687, 2001, Dec Average, Korea, Republic of, KOR
-0.7569, 2002, Jan Average, Korea, Republic of, KOR
1.55926, 2002, Feb Average, Korea, Republic of, KOR
6.92175, 2002, Mar Average, Korea, Republic of, KOR
12.3056, 2002, Apr Average, Korea, Republic of, KOR
15.6999, 2002, May Average, Korea, Republic of, KOR
20.7961, 2002, Jun Average, Korea, Republic of, KOR
23.6159, 2002, Jul Average, Korea, Republic of, KOR
22.8592, 2002, Aug Average, Korea, Republic of, KOR
19.1317, 2002, Sep Average, Korea, Republic of, KOR
12.1115, 2002, Oct Average, Korea, Republic of, KOR
3.51528, 2002, Nov Average, Korea, Republic of, KOR
0.43498, 2002, Dec Average, Korea, Republic of, KOR
-3.3306, 2003, Jan Average, Korea, Republic of, KOR
0.98065, 2003, Feb Average, Korea, Republic of, KOR
4.73974, 2003, Mar Average, Korea, Republic of, KOR
11.4442, 2003, Apr Average, Korea, Republic of, KOR
15.8913, 2003, May Average, Korea, Republic of, KOR
20.3831, 2003, Jun Average, Korea, Republic of, KOR
21.5018, 2003, Jul Average, Korea, Republic of, KOR
22.7655, 2003, Aug Average, Korea, Republic of, KOR
19.5497, 2003, Sep Average, Korea, Republic of, KOR
12.6575, 2003, Oct Average, Korea, Republic of, KOR
8.13461, 2003, Nov Average, Korea, Republic of, KOR
0.16375, 2003, Dec Average, Korea, Republic of, KOR
-2.569, 2004, Jan Average, Korea, Republic of, KOR
1.58684, 2004, Feb Average, Korea, Republic of, KOR
5.25039, 2004, Mar Average, Korea, Republic of, KOR
11.8549, 2004, Apr Average, Korea, Republic of, KOR
16.0175, 2004, May Average, Korea, Republic of, KOR
21.0643, 2004, Jun Average, Korea, Republic of, KOR
24.2378, 2004, Jul Average, Korea, Republic of, KOR
23.8902, 2004, Aug Average, Korea, Republic of, KOR
19.5834, 2004, Sep Average, Korea, Republic of, KOR
13.1622, 2004, Oct Average, Korea, Republic of, KOR
7.70312, 2004, Nov Average, Korea, Republic of, KOR
1.4081, 2004, Dec Average, Korea, Republic of, KOR
-3.2154, 2005, Jan Average, Korea, Republic of, KOR
-2.3437, 2005, Feb Average, Korea, Republic of, KOR
3.31721, 2005, Mar Average, Korea, Republic of, KOR
11.7525, 2005, Apr Average, Korea, Republic of, KOR
15.6023, 2005, May Average, Korea, Republic of, KOR
21.5825, 2005, Jun Average, Korea, Republic of, KOR
23.9731, 2005, Jul Average, Korea, Republic of, KOR
24.2334, 2005, Aug Average, Korea, Republic of, KOR
20.1498, 2005, Sep Average, Korea, Republic of, KOR
13.32, 2005, Oct Average, Korea, Republic of, KOR
7.18564, 2005, Nov Average, Korea, Republic of, KOR
-4.0742, 2005, Dec Average, Korea, Republic of, KOR
-1.6332, 2006, Jan Average, Korea, Republic of, KOR
-0.6003, 2006, Feb Average, Korea, Republic of, KOR
4.41258, 2006, Mar Average, Korea, Republic of, KOR
9.88075, 2006, Apr Average, Korea, Republic of, KOR
15.4506, 2006, May Average, Korea, Republic of, KOR
20.0808, 2006, Jun Average, Korea, Republic of, KOR
22.2829, 2006, Jul Average, Korea, Republic of, KOR
25.4972, 2006, Aug Average, Korea, Republic of, KOR
18.6652, 2006, Sep Average, Korea, Republic of, KOR
15.4353, 2006, Oct Average, Korea, Republic of, KOR
7.32556, 2006, Nov Average, Korea, Republic of, KOR
0.53161, 2006, Dec Average, Korea, Republic of, KOR
-0.69, 2007, Jan Average, Korea, Republic of, KOR
2.75606, 2007, Feb Average, Korea, Republic of, KOR
5.38906, 2007, Mar Average, Korea, Republic of, KOR
10.5262, 2007, Apr Average, Korea, Republic of, KOR
16.2557, 2007, May Average, Korea, Republic of, KOR
20.6848, 2007, Jun Average, Korea, Republic of, KOR
22.4698, 2007, Jul Average, Korea, Republic of, KOR
25.0967, 2007, Aug Average, Korea, Republic of, KOR
19.7794, 2007, Sep Average, Korea, Republic of, KOR
13.6836, 2007, Oct Average, Korea, Republic of, KOR
6.08594, 2007, Nov Average, Korea, Republic of, KOR
1.18002, 2007, Dec Average, Korea, Republic of, KOR
-2.0029, 2008, Jan Average, Korea, Republic of, KOR
-1.4931, 2008, Feb Average, Korea, Republic of, KOR
5.70017, 2008, Mar Average, Korea, Republic of, KOR
11.771, 2008, Apr Average, Korea, Republic of, KOR
15.9353, 2008, May Average, Korea, Republic of, KOR
19.4275, 2008, Jun Average, Korea, Republic of, KOR
24.818, 2008, Jul Average, Korea, Republic of, KOR
23.4031, 2008, Aug Average, Korea, Republic of, KOR
20.0993, 2008, Sep Average, Korea, Republic of, KOR
14.5836, 2008, Oct Average, Korea, Republic of, KOR
6.61971, 2008, Nov Average, Korea, Republic of, KOR
0.52319, 2008, Dec Average, Korea, Republic of, KOR
-2.5441, 2009, Jan Average, Korea, Republic of, KOR
2.48603, 2009, Feb Average, Korea, Republic of, KOR
5.32052, 2009, Mar Average, Korea, Republic of, KOR
11.289, 2009, Apr Average, Korea, Republic of, KOR
16.781, 2009, May Average, Korea, Republic of, KOR
20.8837, 2009, Jun Average, Korea, Republic of, KOR
22.6423, 2009, Jul Average, Korea, Republic of, KOR
23.2337, 2009, Aug Average, Korea, Republic of, KOR
19.5298, 2009, Sep Average, Korea, Republic of, KOR
14.3065, 2009, Oct Average, Korea, Republic of, KOR
5.92704, 2009, Nov Average, Korea, Republic of, KOR
-0.7711, 2009, Dec Average, Korea, Republic of, KOR
-3.4449, 2010, Jan Average, Korea, Republic of, KOR
0.59715, 2010, Feb Average, Korea, Republic of, KOR
3.81048, 2010, Mar Average, Korea, Republic of, KOR
8.71686, 2010, Apr Average, Korea, Republic of, KOR
15.4697, 2010, May Average, Korea, Republic of, KOR
21.2693, 2010, Jun Average, Korea, Republic of, KOR
24.4417, 2010, Jul Average, Korea, Republic of, KOR
25.5866, 2010, Aug Average, Korea, Republic of, KOR
20.4293, 2010, Sep Average, Korea, Republic of, KOR
13.2893, 2010, Oct Average, Korea, Republic of, KOR
5.8786, 2010, Nov Average, Korea, Republic of, KOR
-0.7956, 2010, Dec Average, Korea, Republic of, KOR
-6.4813, 2011, Jan Average, Korea, Republic of, KOR
0.42322, 2011, Feb Average, Korea, Republic of, KOR
3.20709, 2011, Mar Average, Korea, Republic of, KOR
9.91397, 2011, Apr Average, Korea, Republic of, KOR
15.4604, 2011, May Average, Korea, Republic of, KOR
20.7324, 2011, Jun Average, Korea, Republic of, KOR
23.8841, 2011, Jul Average, Korea, Republic of, KOR
23.949, 2011, Aug Average, Korea, Republic of, KOR
19.8327, 2011, Sep Average, Korea, Republic of, KOR
12.9432, 2011, Oct Average, Korea, Republic of, KOR
8.99184, 2011, Nov Average, Korea, Republic of, KOR
-1.2856, 2011, Dec Average, Korea, Republic of, KOR
-3.1341, 2012, Jan Average, Korea, Republic of, KOR
-2.318, 2012, Feb Average, Korea, Republic of, KOR
4.13739, 2012, Mar Average, Korea, Republic of, KOR
11.2698, 2012, Apr Average, Korea, Republic of, KOR
16.7932, 2012, May Average, Korea, Republic of, KOR
21.0972, 2012, Jun Average, Korea, Republic of, KOR
24.463, 2012, Jul Average, Korea, Republic of, KOR
25.2455, 2012, Aug Average, Korea, Republic of, KOR
19.0542, 2012, Sep Average, Korea, Republic of, KOR
13.4679, 2012, Oct Average, Korea, Republic of, KOR
4.87042, 2012, Nov Average, Korea, Republic of, KOR
-3.3633, 2012, Dec Average, Korea, Republic of, KOR
-3.6361, 2013, Jan Average, Korea, Republic of, KOR
-1.0843, 2013, Feb Average, Korea, Republic of, KOR
5.07448, 2013, Mar Average, Korea, Republic of, KOR
9.28492, 2013, Apr Average, Korea, Republic of, KOR
16.1941, 2013, May Average, Korea, Republic of, KOR
21.3816, 2013, Jun Average, Korea, Republic of, KOR
25.4255, 2013, Jul Average, Korea, Republic of, KOR
26.3868, 2013, Aug Average, Korea, Republic of, KOR
20.1003, 2013, Sep Average, Korea, Republic of, KOR
14.2404, 2013, Oct Average, Korea, Republic of, KOR
5.60651, 2013, Nov Average, Korea, Republic of, KOR
-0.5058, 2013, Dec Average, Korea, Republic of, KOR
-1.3725, 2014, Jan Average, Korea, Republic of, KOR
0.38492, 2014, Feb Average, Korea, Republic of, KOR
6.0787, 2014, Mar Average, Korea, Republic of, KOR
11.954, 2014, Apr Average, Korea, Republic of, KOR
17.0753, 2014, May Average, Korea, Republic of, KOR
20.8805, 2014, Jun Average, Korea, Republic of, KOR
24.3106, 2014, Jul Average, Korea, Republic of, KOR
22.7882, 2014, Aug Average, Korea, Republic of, KOR
19.815, 2014, Sep Average, Korea, Republic of, KOR
13.7588, 2014, Oct Average, Korea, Republic of, KOR
7.45313, 2014, Nov Average, Korea, Republic of, KOR
-2.4619, 2014, Dec Average, Korea, Republic of, KOR
-1.5002, 2015, Jan Average, Korea, Republic of, KOR
0.31376, 2015, Feb Average, Korea, Republic of, KOR
5.0998, 2015, Mar Average, Korea, Republic of, KOR
11.3023, 2015, Apr Average, Korea, Republic of, KOR
17.1182, 2015, May Average, Korea, Republic of, KOR
20.7032, 2015, Jun Average, Korea, Republic of, KOR
23.4776, 2015, Jul Average, Korea, Republic of, KOR
24.3986, 2015, Aug Average, Korea, Republic of, KOR
19.5235, 2015, Sep Average, Korea, Republic of, KOR
13.834, 2015, Oct Average, Korea, Republic of, KOR
8.01503, 2015, Nov Average, Korea, Republic of, KOR
1.60636, 2015, Dec Average, Korea, Republic of, KOR
-2.9308, 2016, Jan Average, Korea, Republic of, KOR
-0.0278, 2016, Feb Average, Korea, Republic of, KOR
5.78669, 2016, Mar Average, Korea, Republic of, KOR
12.352, 2016, Apr Average, Korea, Republic of, KOR
17.3603, 2016, May Average, Korea, Republic of, KOR
21.5184, 2016, Jun Average, Korea, Republic of, KOR
24.5801, 2016, Jul Average, Korea, Republic of, KOR
25.853, 2016, Aug Average, Korea, Republic of, KOR
20.1901, 2016, Sep Average, Korea, Republic of, KOR
14.3234, 2016, Oct Average, Korea, Republic of, KOR
6.3309, 2016, Nov Average, Korea, Republic of, KOR
1.31452, 2016, Dec Average, Korea, Republic of, KOR
