Temperature - (Celsius), Year, Statistics, Country, ISO3
25.6515, 1901, Jan Average, Indonesia, IDN
25.1426, 1901, Feb Average, Indonesia, IDN
25.8091, 1901, Mar Average, Indonesia, IDN
25.7992, 1901, Apr Average, Indonesia, IDN
26.2116, 1901, May Average, Indonesia, IDN
25.397, 1901, Jun Average, Indonesia, IDN
25.3541, 1901, Jul Average, Indonesia, IDN
24.8615, 1901, Aug Average, Indonesia, IDN
25.1059, 1901, Sep Average, Indonesia, IDN
25.7462, 1901, Oct Average, Indonesia, IDN
26.1062, 1901, Nov Average, Indonesia, IDN
25.383, 1901, Dec Average, Indonesia, IDN
25.1595, 1902, Jan Average, Indonesia, IDN
25.0648, 1902, Feb Average, Indonesia, IDN
25.4933, 1902, Mar Average, Indonesia, IDN
25.737, 1902, Apr Average, Indonesia, IDN
26.2487, 1902, May Average, Indonesia, IDN
25.3682, 1902, Jun Average, Indonesia, IDN
24.9485, 1902, Jul Average, Indonesia, IDN
25.0919, 1902, Aug Average, Indonesia, IDN
25.1411, 1902, Sep Average, Indonesia, IDN
25.7553, 1902, Oct Average, Indonesia, IDN
26.0977, 1902, Nov Average, Indonesia, IDN
25.6632, 1902, Dec Average, Indonesia, IDN
26, 1903, Jan Average, Indonesia, IDN
25.354, 1903, Feb Average, Indonesia, IDN
25.7773, 1903, Mar Average, Indonesia, IDN
25.636, 1903, Apr Average, Indonesia, IDN
26.2122, 1903, May Average, Indonesia, IDN
25.2157, 1903, Jun Average, Indonesia, IDN
24.9817, 1903, Jul Average, Indonesia, IDN
25.0985, 1903, Aug Average, Indonesia, IDN
25.2067, 1903, Sep Average, Indonesia, IDN
25.2048, 1903, Oct Average, Indonesia, IDN
25.9668, 1903, Nov Average, Indonesia, IDN
25.0135, 1903, Dec Average, Indonesia, IDN
24.924, 1904, Jan Average, Indonesia, IDN
24.7365, 1904, Feb Average, Indonesia, IDN
25.7996, 1904, Mar Average, Indonesia, IDN
25.0839, 1904, Apr Average, Indonesia, IDN
26.0456, 1904, May Average, Indonesia, IDN
25.4791, 1904, Jun Average, Indonesia, IDN
25.2926, 1904, Jul Average, Indonesia, IDN
24.5871, 1904, Aug Average, Indonesia, IDN
25.5941, 1904, Sep Average, Indonesia, IDN
25.0578, 1904, Oct Average, Indonesia, IDN
25.7973, 1904, Nov Average, Indonesia, IDN
25.1697, 1904, Dec Average, Indonesia, IDN
25.3743, 1905, Jan Average, Indonesia, IDN
25.0592, 1905, Feb Average, Indonesia, IDN
25.7914, 1905, Mar Average, Indonesia, IDN
25.55, 1905, Apr Average, Indonesia, IDN
26.2233, 1905, May Average, Indonesia, IDN
25.6557, 1905, Jun Average, Indonesia, IDN
25.0392, 1905, Jul Average, Indonesia, IDN
24.8467, 1905, Aug Average, Indonesia, IDN
25.1518, 1905, Sep Average, Indonesia, IDN
25.8007, 1905, Oct Average, Indonesia, IDN
25.9525, 1905, Nov Average, Indonesia, IDN
25.956, 1905, Dec Average, Indonesia, IDN
25.8904, 1906, Jan Average, Indonesia, IDN
26.0507, 1906, Feb Average, Indonesia, IDN
25.7954, 1906, Mar Average, Indonesia, IDN
25.8951, 1906, Apr Average, Indonesia, IDN
26.3944, 1906, May Average, Indonesia, IDN
25.542, 1906, Jun Average, Indonesia, IDN
25.1419, 1906, Jul Average, Indonesia, IDN
24.9949, 1906, Aug Average, Indonesia, IDN
25.1415, 1906, Sep Average, Indonesia, IDN
25.1746, 1906, Oct Average, Indonesia, IDN
25.8607, 1906, Nov Average, Indonesia, IDN
25.3068, 1906, Dec Average, Indonesia, IDN
25.1599, 1907, Jan Average, Indonesia, IDN
25.0644, 1907, Feb Average, Indonesia, IDN
25.2028, 1907, Mar Average, Indonesia, IDN
25.4482, 1907, Apr Average, Indonesia, IDN
26.0617, 1907, May Average, Indonesia, IDN
25.1672, 1907, Jun Average, Indonesia, IDN
24.79, 1907, Jul Average, Indonesia, IDN
24.7528, 1907, Aug Average, Indonesia, IDN
25.5133, 1907, Sep Average, Indonesia, IDN
25.3757, 1907, Oct Average, Indonesia, IDN
25.9727, 1907, Nov Average, Indonesia, IDN
25.2391, 1907, Dec Average, Indonesia, IDN
25.4415, 1908, Jan Average, Indonesia, IDN
25.3532, 1908, Feb Average, Indonesia, IDN
25.6086, 1908, Mar Average, Indonesia, IDN
25.7145, 1908, Apr Average, Indonesia, IDN
26.0953, 1908, May Average, Indonesia, IDN
24.9695, 1908, Jun Average, Indonesia, IDN
25.3165, 1908, Jul Average, Indonesia, IDN
25.0336, 1908, Aug Average, Indonesia, IDN
25.6438, 1908, Sep Average, Indonesia, IDN
25.2196, 1908, Oct Average, Indonesia, IDN
25.9364, 1908, Nov Average, Indonesia, IDN
25.3392, 1908, Dec Average, Indonesia, IDN
25.6004, 1909, Jan Average, Indonesia, IDN
25.4715, 1909, Feb Average, Indonesia, IDN
25.4826, 1909, Mar Average, Indonesia, IDN
25.6339, 1909, Apr Average, Indonesia, IDN
26.1935, 1909, May Average, Indonesia, IDN
25.8992, 1909, Jun Average, Indonesia, IDN
25.0045, 1909, Jul Average, Indonesia, IDN
25.2967, 1909, Aug Average, Indonesia, IDN
25.121, 1909, Sep Average, Indonesia, IDN
25.4457, 1909, Oct Average, Indonesia, IDN
25.9237, 1909, Nov Average, Indonesia, IDN
25.2413, 1909, Dec Average, Indonesia, IDN
25.5279, 1910, Jan Average, Indonesia, IDN
25.3926, 1910, Feb Average, Indonesia, IDN
25.3385, 1910, Mar Average, Indonesia, IDN
25.3172, 1910, Apr Average, Indonesia, IDN
26.1433, 1910, May Average, Indonesia, IDN
25.2669, 1910, Jun Average, Indonesia, IDN
25.1798, 1910, Jul Average, Indonesia, IDN
25.131, 1910, Aug Average, Indonesia, IDN
25.7592, 1910, Sep Average, Indonesia, IDN
25.2405, 1910, Oct Average, Indonesia, IDN
25.9586, 1910, Nov Average, Indonesia, IDN
25.3601, 1910, Dec Average, Indonesia, IDN
25.5684, 1911, Jan Average, Indonesia, IDN
25.5904, 1911, Feb Average, Indonesia, IDN
25.8676, 1911, Mar Average, Indonesia, IDN
25.9051, 1911, Apr Average, Indonesia, IDN
26.112, 1911, May Average, Indonesia, IDN
25.4163, 1911, Jun Average, Indonesia, IDN
25.1922, 1911, Jul Average, Indonesia, IDN
25.067, 1911, Aug Average, Indonesia, IDN
25.3689, 1911, Sep Average, Indonesia, IDN
25.631, 1911, Oct Average, Indonesia, IDN
26.566, 1911, Nov Average, Indonesia, IDN
26.0817, 1911, Dec Average, Indonesia, IDN
25.8601, 1912, Jan Average, Indonesia, IDN
25.9177, 1912, Feb Average, Indonesia, IDN
26.0695, 1912, Mar Average, Indonesia, IDN
26.3788, 1912, Apr Average, Indonesia, IDN
26.3037, 1912, May Average, Indonesia, IDN
25.76, 1912, Jun Average, Indonesia, IDN
25.2943, 1912, Jul Average, Indonesia, IDN
25.2887, 1912, Aug Average, Indonesia, IDN
25.5963, 1912, Sep Average, Indonesia, IDN
25.7601, 1912, Oct Average, Indonesia, IDN
26.3221, 1912, Nov Average, Indonesia, IDN
25.9605, 1912, Dec Average, Indonesia, IDN
25.7529, 1913, Jan Average, Indonesia, IDN
25.7869, 1913, Feb Average, Indonesia, IDN
25.928, 1913, Mar Average, Indonesia, IDN
25.7477, 1913, Apr Average, Indonesia, IDN
26.021, 1913, May Average, Indonesia, IDN
25.2507, 1913, Jun Average, Indonesia, IDN
25.1676, 1913, Jul Average, Indonesia, IDN
25.2277, 1913, Aug Average, Indonesia, IDN
25.3647, 1913, Sep Average, Indonesia, IDN
25.8249, 1913, Oct Average, Indonesia, IDN
26.5448, 1913, Nov Average, Indonesia, IDN
26.0543, 1913, Dec Average, Indonesia, IDN
25.7471, 1914, Jan Average, Indonesia, IDN
25.9159, 1914, Feb Average, Indonesia, IDN
26.0736, 1914, Mar Average, Indonesia, IDN
26.1367, 1914, Apr Average, Indonesia, IDN
26.7626, 1914, May Average, Indonesia, IDN
25.436, 1914, Jun Average, Indonesia, IDN
25.127, 1914, Jul Average, Indonesia, IDN
25.2909, 1914, Aug Average, Indonesia, IDN
25.4794, 1914, Sep Average, Indonesia, IDN
25.9787, 1914, Oct Average, Indonesia, IDN
26.5309, 1914, Nov Average, Indonesia, IDN
26.2208, 1914, Dec Average, Indonesia, IDN
25.5788, 1915, Jan Average, Indonesia, IDN
25.6519, 1915, Feb Average, Indonesia, IDN
26.1146, 1915, Mar Average, Indonesia, IDN
26.2029, 1915, Apr Average, Indonesia, IDN
26.2032, 1915, May Average, Indonesia, IDN
25.9588, 1915, Jun Average, Indonesia, IDN
25.6057, 1915, Jul Average, Indonesia, IDN
25.7628, 1915, Aug Average, Indonesia, IDN
25.8366, 1915, Sep Average, Indonesia, IDN
26.032, 1915, Oct Average, Indonesia, IDN
26.6891, 1915, Nov Average, Indonesia, IDN
25.8097, 1915, Dec Average, Indonesia, IDN
25.0538, 1916, Jan Average, Indonesia, IDN
25.3748, 1916, Feb Average, Indonesia, IDN
25.7929, 1916, Mar Average, Indonesia, IDN
25.9513, 1916, Apr Average, Indonesia, IDN
25.7689, 1916, May Average, Indonesia, IDN
25.4575, 1916, Jun Average, Indonesia, IDN
25.3471, 1916, Jul Average, Indonesia, IDN
25.4789, 1916, Aug Average, Indonesia, IDN
25.6654, 1916, Sep Average, Indonesia, IDN
26.0322, 1916, Oct Average, Indonesia, IDN
26.4378, 1916, Nov Average, Indonesia, IDN
25.6618, 1916, Dec Average, Indonesia, IDN
25.0586, 1917, Jan Average, Indonesia, IDN
25.0884, 1917, Feb Average, Indonesia, IDN
25.3881, 1917, Mar Average, Indonesia, IDN
25.6298, 1917, Apr Average, Indonesia, IDN
25.4781, 1917, May Average, Indonesia, IDN
25.335, 1917, Jun Average, Indonesia, IDN
25.5044, 1917, Jul Average, Indonesia, IDN
25.5034, 1917, Aug Average, Indonesia, IDN
25.9379, 1917, Sep Average, Indonesia, IDN
26.2302, 1917, Oct Average, Indonesia, IDN
26.5041, 1917, Nov Average, Indonesia, IDN
25.8397, 1917, Dec Average, Indonesia, IDN
24.5545, 1918, Jan Average, Indonesia, IDN
24.3323, 1918, Feb Average, Indonesia, IDN
25.3226, 1918, Mar Average, Indonesia, IDN
25.6609, 1918, Apr Average, Indonesia, IDN
25.7931, 1918, May Average, Indonesia, IDN
25.1042, 1918, Jun Average, Indonesia, IDN
24.9337, 1918, Jul Average, Indonesia, IDN
25.1458, 1918, Aug Average, Indonesia, IDN
25.3706, 1918, Sep Average, Indonesia, IDN
25.838, 1918, Oct Average, Indonesia, IDN
26.6004, 1918, Nov Average, Indonesia, IDN
25.6689, 1918, Dec Average, Indonesia, IDN
25.799, 1919, Jan Average, Indonesia, IDN
26.0643, 1919, Feb Average, Indonesia, IDN
26.1007, 1919, Mar Average, Indonesia, IDN
26.0699, 1919, Apr Average, Indonesia, IDN
26.0956, 1919, May Average, Indonesia, IDN
25.4158, 1919, Jun Average, Indonesia, IDN
24.7061, 1919, Jul Average, Indonesia, IDN
25.0706, 1919, Aug Average, Indonesia, IDN
25.4257, 1919, Sep Average, Indonesia, IDN
25.7487, 1919, Oct Average, Indonesia, IDN
26.2966, 1919, Nov Average, Indonesia, IDN
25.788, 1919, Dec Average, Indonesia, IDN
25.2654, 1920, Jan Average, Indonesia, IDN
25.2705, 1920, Feb Average, Indonesia, IDN
25.9012, 1920, Mar Average, Indonesia, IDN
25.995, 1920, Apr Average, Indonesia, IDN
26.2415, 1920, May Average, Indonesia, IDN
25.9189, 1920, Jun Average, Indonesia, IDN
25.6828, 1920, Jul Average, Indonesia, IDN
25.5633, 1920, Aug Average, Indonesia, IDN
26.0427, 1920, Sep Average, Indonesia, IDN
26.2694, 1920, Oct Average, Indonesia, IDN
26.5808, 1920, Nov Average, Indonesia, IDN
25.385, 1920, Dec Average, Indonesia, IDN
25.5872, 1921, Jan Average, Indonesia, IDN
25.4977, 1921, Feb Average, Indonesia, IDN
25.5237, 1921, Mar Average, Indonesia, IDN
25.6197, 1921, Apr Average, Indonesia, IDN
25.6285, 1921, May Average, Indonesia, IDN
25.4706, 1921, Jun Average, Indonesia, IDN
25.318, 1921, Jul Average, Indonesia, IDN
25.4397, 1921, Aug Average, Indonesia, IDN
25.5953, 1921, Sep Average, Indonesia, IDN
25.7264, 1921, Oct Average, Indonesia, IDN
26.2256, 1921, Nov Average, Indonesia, IDN
25.7104, 1921, Dec Average, Indonesia, IDN
25.7525, 1922, Jan Average, Indonesia, IDN
25.303, 1922, Feb Average, Indonesia, IDN
25.3878, 1922, Mar Average, Indonesia, IDN
25.6787, 1922, Apr Average, Indonesia, IDN
25.4946, 1922, May Average, Indonesia, IDN
25.3987, 1922, Jun Average, Indonesia, IDN
25.1775, 1922, Jul Average, Indonesia, IDN
24.8917, 1922, Aug Average, Indonesia, IDN
25.5583, 1922, Sep Average, Indonesia, IDN
25.7323, 1922, Oct Average, Indonesia, IDN
26.6334, 1922, Nov Average, Indonesia, IDN
26.0083, 1922, Dec Average, Indonesia, IDN
25.6301, 1923, Jan Average, Indonesia, IDN
25.6061, 1923, Feb Average, Indonesia, IDN
25.456, 1923, Mar Average, Indonesia, IDN
26.0274, 1923, Apr Average, Indonesia, IDN
25.9107, 1923, May Average, Indonesia, IDN
25.4745, 1923, Jun Average, Indonesia, IDN
24.7007, 1923, Jul Average, Indonesia, IDN
24.547, 1923, Aug Average, Indonesia, IDN
25.004, 1923, Sep Average, Indonesia, IDN
25.9105, 1923, Oct Average, Indonesia, IDN
26.3782, 1923, Nov Average, Indonesia, IDN
25.8865, 1923, Dec Average, Indonesia, IDN
25.9497, 1924, Jan Average, Indonesia, IDN
25.6623, 1924, Feb Average, Indonesia, IDN
25.8066, 1924, Mar Average, Indonesia, IDN
25.8201, 1924, Apr Average, Indonesia, IDN
26.1965, 1924, May Average, Indonesia, IDN
25.6261, 1924, Jun Average, Indonesia, IDN
25.3589, 1924, Jul Average, Indonesia, IDN
25.5949, 1924, Aug Average, Indonesia, IDN
25.511, 1924, Sep Average, Indonesia, IDN
25.2853, 1924, Oct Average, Indonesia, IDN
26.1149, 1924, Nov Average, Indonesia, IDN
25.4038, 1924, Dec Average, Indonesia, IDN
25.5751, 1925, Jan Average, Indonesia, IDN
24.9753, 1925, Feb Average, Indonesia, IDN
25.1851, 1925, Mar Average, Indonesia, IDN
25.6072, 1925, Apr Average, Indonesia, IDN
25.8704, 1925, May Average, Indonesia, IDN
25.4371, 1925, Jun Average, Indonesia, IDN
25.0655, 1925, Jul Average, Indonesia, IDN
25.3276, 1925, Aug Average, Indonesia, IDN
25.5324, 1925, Sep Average, Indonesia, IDN
25.6415, 1925, Oct Average, Indonesia, IDN
26.175, 1925, Nov Average, Indonesia, IDN
25.8098, 1925, Dec Average, Indonesia, IDN
25.4176, 1926, Jan Average, Indonesia, IDN
25.8592, 1926, Feb Average, Indonesia, IDN
26.018, 1926, Mar Average, Indonesia, IDN
26.5225, 1926, Apr Average, Indonesia, IDN
26.5214, 1926, May Average, Indonesia, IDN
25.7921, 1926, Jun Average, Indonesia, IDN
25.3283, 1926, Jul Average, Indonesia, IDN
25.6811, 1926, Aug Average, Indonesia, IDN
25.6986, 1926, Sep Average, Indonesia, IDN
25.9763, 1926, Oct Average, Indonesia, IDN
26.3231, 1926, Nov Average, Indonesia, IDN
25.8278, 1926, Dec Average, Indonesia, IDN
25.4739, 1927, Jan Average, Indonesia, IDN
25.9209, 1927, Feb Average, Indonesia, IDN
26.1271, 1927, Mar Average, Indonesia, IDN
26.0848, 1927, Apr Average, Indonesia, IDN
26.1001, 1927, May Average, Indonesia, IDN
25.7649, 1927, Jun Average, Indonesia, IDN
25.4179, 1927, Jul Average, Indonesia, IDN
25.3756, 1927, Aug Average, Indonesia, IDN
25.5674, 1927, Sep Average, Indonesia, IDN
25.6861, 1927, Oct Average, Indonesia, IDN
26.1811, 1927, Nov Average, Indonesia, IDN
26.0063, 1927, Dec Average, Indonesia, IDN
25.9494, 1928, Jan Average, Indonesia, IDN
25.8605, 1928, Feb Average, Indonesia, IDN
25.7522, 1928, Mar Average, Indonesia, IDN
26.133, 1928, Apr Average, Indonesia, IDN
26.1898, 1928, May Average, Indonesia, IDN
25.4651, 1928, Jun Average, Indonesia, IDN
25.2551, 1928, Jul Average, Indonesia, IDN
25.512, 1928, Aug Average, Indonesia, IDN
25.6748, 1928, Sep Average, Indonesia, IDN
25.8959, 1928, Oct Average, Indonesia, IDN
26.2209, 1928, Nov Average, Indonesia, IDN
25.9911, 1928, Dec Average, Indonesia, IDN
25.3836, 1929, Jan Average, Indonesia, IDN
25.3481, 1929, Feb Average, Indonesia, IDN
25.2912, 1929, Mar Average, Indonesia, IDN
25.8586, 1929, Apr Average, Indonesia, IDN
25.5646, 1929, May Average, Indonesia, IDN
25.236, 1929, Jun Average, Indonesia, IDN
24.8556, 1929, Jul Average, Indonesia, IDN
25.1342, 1929, Aug Average, Indonesia, IDN
25.4544, 1929, Sep Average, Indonesia, IDN
25.8069, 1929, Oct Average, Indonesia, IDN
26.0519, 1929, Nov Average, Indonesia, IDN
25.5354, 1929, Dec Average, Indonesia, IDN
25.8113, 1930, Jan Average, Indonesia, IDN
25.3992, 1930, Feb Average, Indonesia, IDN
25.6828, 1930, Mar Average, Indonesia, IDN
25.8081, 1930, Apr Average, Indonesia, IDN
26.202, 1930, May Average, Indonesia, IDN
25.3162, 1930, Jun Average, Indonesia, IDN
25.3271, 1930, Jul Average, Indonesia, IDN
25.6777, 1930, Aug Average, Indonesia, IDN
25.5424, 1930, Sep Average, Indonesia, IDN
25.9282, 1930, Oct Average, Indonesia, IDN
26.2205, 1930, Nov Average, Indonesia, IDN
25.9511, 1930, Dec Average, Indonesia, IDN
26.1574, 1931, Jan Average, Indonesia, IDN
25.9917, 1931, Feb Average, Indonesia, IDN
26.1726, 1931, Mar Average, Indonesia, IDN
26.1298, 1931, Apr Average, Indonesia, IDN
26.4319, 1931, May Average, Indonesia, IDN
25.979, 1931, Jun Average, Indonesia, IDN
25.3478, 1931, Jul Average, Indonesia, IDN
25.9276, 1931, Aug Average, Indonesia, IDN
25.6261, 1931, Sep Average, Indonesia, IDN
25.7816, 1931, Oct Average, Indonesia, IDN
26.1669, 1931, Nov Average, Indonesia, IDN
25.7432, 1931, Dec Average, Indonesia, IDN
25.6424, 1932, Jan Average, Indonesia, IDN
25.5854, 1932, Feb Average, Indonesia, IDN
25.5838, 1932, Mar Average, Indonesia, IDN
25.9676, 1932, Apr Average, Indonesia, IDN
26.0361, 1932, May Average, Indonesia, IDN
25.4242, 1932, Jun Average, Indonesia, IDN
25.077, 1932, Jul Average, Indonesia, IDN
25.2079, 1932, Aug Average, Indonesia, IDN
25.5208, 1932, Sep Average, Indonesia, IDN
26.0337, 1932, Oct Average, Indonesia, IDN
25.9739, 1932, Nov Average, Indonesia, IDN
25.798, 1932, Dec Average, Indonesia, IDN
26.0247, 1933, Jan Average, Indonesia, IDN
25.4074, 1933, Feb Average, Indonesia, IDN
25.6731, 1933, Mar Average, Indonesia, IDN
25.9414, 1933, Apr Average, Indonesia, IDN
26.2951, 1933, May Average, Indonesia, IDN
25.6369, 1933, Jun Average, Indonesia, IDN
25.2202, 1933, Jul Average, Indonesia, IDN
25.9525, 1933, Aug Average, Indonesia, IDN
25.3912, 1933, Sep Average, Indonesia, IDN
25.7186, 1933, Oct Average, Indonesia, IDN
25.8368, 1933, Nov Average, Indonesia, IDN
25.4837, 1933, Dec Average, Indonesia, IDN
25.3291, 1934, Jan Average, Indonesia, IDN
25.0309, 1934, Feb Average, Indonesia, IDN
25.1452, 1934, Mar Average, Indonesia, IDN
25.6962, 1934, Apr Average, Indonesia, IDN
25.8975, 1934, May Average, Indonesia, IDN
25.592, 1934, Jun Average, Indonesia, IDN
25.4726, 1934, Jul Average, Indonesia, IDN
25.3126, 1934, Aug Average, Indonesia, IDN
25.3961, 1934, Sep Average, Indonesia, IDN
25.8262, 1934, Oct Average, Indonesia, IDN
26.261, 1934, Nov Average, Indonesia, IDN
25.815, 1934, Dec Average, Indonesia, IDN
25.8158, 1935, Jan Average, Indonesia, IDN
25.9583, 1935, Feb Average, Indonesia, IDN
26.0092, 1935, Mar Average, Indonesia, IDN
25.7891, 1935, Apr Average, Indonesia, IDN
25.8523, 1935, May Average, Indonesia, IDN
25.2269, 1935, Jun Average, Indonesia, IDN
25.1198, 1935, Jul Average, Indonesia, IDN
25.0945, 1935, Aug Average, Indonesia, IDN
25.6704, 1935, Sep Average, Indonesia, IDN
25.9066, 1935, Oct Average, Indonesia, IDN
26.2197, 1935, Nov Average, Indonesia, IDN
26.0157, 1935, Dec Average, Indonesia, IDN
25.7603, 1936, Jan Average, Indonesia, IDN
25.9382, 1936, Feb Average, Indonesia, IDN
25.8595, 1936, Mar Average, Indonesia, IDN
25.9092, 1936, Apr Average, Indonesia, IDN
26.1797, 1936, May Average, Indonesia, IDN
25.5412, 1936, Jun Average, Indonesia, IDN
25.3709, 1936, Jul Average, Indonesia, IDN
25.3703, 1936, Aug Average, Indonesia, IDN
25.702, 1936, Sep Average, Indonesia, IDN
25.6903, 1936, Oct Average, Indonesia, IDN
26.1804, 1936, Nov Average, Indonesia, IDN
26.117, 1936, Dec Average, Indonesia, IDN
25.6508, 1937, Jan Average, Indonesia, IDN
26.0266, 1937, Feb Average, Indonesia, IDN
26.1797, 1937, Mar Average, Indonesia, IDN
25.9727, 1937, Apr Average, Indonesia, IDN
25.8108, 1937, May Average, Indonesia, IDN
25.5464, 1937, Jun Average, Indonesia, IDN
25.0782, 1937, Jul Average, Indonesia, IDN
25.2123, 1937, Aug Average, Indonesia, IDN
25.608, 1937, Sep Average, Indonesia, IDN
25.7509, 1937, Oct Average, Indonesia, IDN
26.3067, 1937, Nov Average, Indonesia, IDN
25.8957, 1937, Dec Average, Indonesia, IDN
25.929, 1938, Jan Average, Indonesia, IDN
25.9615, 1938, Feb Average, Indonesia, IDN
25.9237, 1938, Mar Average, Indonesia, IDN
26.08, 1938, Apr Average, Indonesia, IDN
25.9649, 1938, May Average, Indonesia, IDN
25.4605, 1938, Jun Average, Indonesia, IDN
25.2026, 1938, Jul Average, Indonesia, IDN
25.1977, 1938, Aug Average, Indonesia, IDN
25.5814, 1938, Sep Average, Indonesia, IDN
25.8391, 1938, Oct Average, Indonesia, IDN
26.0599, 1938, Nov Average, Indonesia, IDN
25.8047, 1938, Dec Average, Indonesia, IDN
25.8775, 1939, Jan Average, Indonesia, IDN
25.678, 1939, Feb Average, Indonesia, IDN
25.6532, 1939, Mar Average, Indonesia, IDN
25.9274, 1939, Apr Average, Indonesia, IDN
25.6638, 1939, May Average, Indonesia, IDN
25.1872, 1939, Jun Average, Indonesia, IDN
25.5135, 1939, Jul Average, Indonesia, IDN
25.3937, 1939, Aug Average, Indonesia, IDN
25.4204, 1939, Sep Average, Indonesia, IDN
25.6348, 1939, Oct Average, Indonesia, IDN
26.2135, 1939, Nov Average, Indonesia, IDN
25.8745, 1939, Dec Average, Indonesia, IDN
25.6007, 1940, Jan Average, Indonesia, IDN
25.419, 1940, Feb Average, Indonesia, IDN
25.7138, 1940, Mar Average, Indonesia, IDN
25.902, 1940, Apr Average, Indonesia, IDN
25.627, 1940, May Average, Indonesia, IDN
25.5354, 1940, Jun Average, Indonesia, IDN
25.4624, 1940, Jul Average, Indonesia, IDN
25.1067, 1940, Aug Average, Indonesia, IDN
25.6809, 1940, Sep Average, Indonesia, IDN
26.078, 1940, Oct Average, Indonesia, IDN
26.33, 1940, Nov Average, Indonesia, IDN
26.1901, 1940, Dec Average, Indonesia, IDN
26.1572, 1941, Jan Average, Indonesia, IDN
26.1082, 1941, Feb Average, Indonesia, IDN
26.3677, 1941, Mar Average, Indonesia, IDN
26.4958, 1941, Apr Average, Indonesia, IDN
26.5075, 1941, May Average, Indonesia, IDN
25.9995, 1941, Jun Average, Indonesia, IDN
25.2528, 1941, Jul Average, Indonesia, IDN
25.2857, 1941, Aug Average, Indonesia, IDN
25.6073, 1941, Sep Average, Indonesia, IDN
26.2789, 1941, Oct Average, Indonesia, IDN
26.152, 1941, Nov Average, Indonesia, IDN
26.0254, 1941, Dec Average, Indonesia, IDN
25.9971, 1942, Jan Average, Indonesia, IDN
26.0169, 1942, Feb Average, Indonesia, IDN
26.2416, 1942, Mar Average, Indonesia, IDN
26.0744, 1942, Apr Average, Indonesia, IDN
26.3471, 1942, May Average, Indonesia, IDN
25.9957, 1942, Jun Average, Indonesia, IDN
25.0184, 1942, Jul Average, Indonesia, IDN
25.2241, 1942, Aug Average, Indonesia, IDN
25.6732, 1942, Sep Average, Indonesia, IDN
25.8, 1942, Oct Average, Indonesia, IDN
25.8919, 1942, Nov Average, Indonesia, IDN
25.737, 1942, Dec Average, Indonesia, IDN
25.1538, 1943, Jan Average, Indonesia, IDN
25.2179, 1943, Feb Average, Indonesia, IDN
25.3344, 1943, Mar Average, Indonesia, IDN
25.4759, 1943, Apr Average, Indonesia, IDN
25.8604, 1943, May Average, Indonesia, IDN
24.9949, 1943, Jun Average, Indonesia, IDN
24.9195, 1943, Jul Average, Indonesia, IDN
25.0609, 1943, Aug Average, Indonesia, IDN
25.3215, 1943, Sep Average, Indonesia, IDN
25.4462, 1943, Oct Average, Indonesia, IDN
25.804, 1943, Nov Average, Indonesia, IDN
25.5003, 1943, Dec Average, Indonesia, IDN
25.7391, 1944, Jan Average, Indonesia, IDN
25.5751, 1944, Feb Average, Indonesia, IDN
25.6813, 1944, Mar Average, Indonesia, IDN
25.6093, 1944, Apr Average, Indonesia, IDN
25.4267, 1944, May Average, Indonesia, IDN
25.225, 1944, Jun Average, Indonesia, IDN
24.6927, 1944, Jul Average, Indonesia, IDN
24.9468, 1944, Aug Average, Indonesia, IDN
25.454, 1944, Sep Average, Indonesia, IDN
25.8605, 1944, Oct Average, Indonesia, IDN
25.8644, 1944, Nov Average, Indonesia, IDN
25.698, 1944, Dec Average, Indonesia, IDN
26.001, 1945, Jan Average, Indonesia, IDN
25.8345, 1945, Feb Average, Indonesia, IDN
25.6895, 1945, Mar Average, Indonesia, IDN
25.7763, 1945, Apr Average, Indonesia, IDN
25.7022, 1945, May Average, Indonesia, IDN
25.0533, 1945, Jun Average, Indonesia, IDN
24.7549, 1945, Jul Average, Indonesia, IDN
25.3953, 1945, Aug Average, Indonesia, IDN
25.5222, 1945, Sep Average, Indonesia, IDN
25.5345, 1945, Oct Average, Indonesia, IDN
25.7993, 1945, Nov Average, Indonesia, IDN
25.6281, 1945, Dec Average, Indonesia, IDN
26.061, 1946, Jan Average, Indonesia, IDN
25.4519, 1946, Feb Average, Indonesia, IDN
25.9385, 1946, Mar Average, Indonesia, IDN
25.826, 1946, Apr Average, Indonesia, IDN
25.4985, 1946, May Average, Indonesia, IDN
25.5587, 1946, Jun Average, Indonesia, IDN
25.7282, 1946, Jul Average, Indonesia, IDN
26.0605, 1946, Aug Average, Indonesia, IDN
25.3967, 1946, Sep Average, Indonesia, IDN
25.9343, 1946, Oct Average, Indonesia, IDN
25.9477, 1946, Nov Average, Indonesia, IDN
26.0225, 1946, Dec Average, Indonesia, IDN
26.4592, 1947, Jan Average, Indonesia, IDN
26.1579, 1947, Feb Average, Indonesia, IDN
25.8621, 1947, Mar Average, Indonesia, IDN
25.5482, 1947, Apr Average, Indonesia, IDN
26.1387, 1947, May Average, Indonesia, IDN
25.9257, 1947, Jun Average, Indonesia, IDN
25.479, 1947, Jul Average, Indonesia, IDN
25.6274, 1947, Aug Average, Indonesia, IDN
25.7512, 1947, Sep Average, Indonesia, IDN
25.8665, 1947, Oct Average, Indonesia, IDN
25.9912, 1947, Nov Average, Indonesia, IDN
26.138, 1947, Dec Average, Indonesia, IDN
24.6825, 1948, Jan Average, Indonesia, IDN
25.7845, 1948, Feb Average, Indonesia, IDN
26.0247, 1948, Mar Average, Indonesia, IDN
26.0738, 1948, Apr Average, Indonesia, IDN
26.4314, 1948, May Average, Indonesia, IDN
26.0323, 1948, Jun Average, Indonesia, IDN
25.51, 1948, Jul Average, Indonesia, IDN
25.2857, 1948, Aug Average, Indonesia, IDN
25.6127, 1948, Sep Average, Indonesia, IDN
26.2506, 1948, Oct Average, Indonesia, IDN
26.0463, 1948, Nov Average, Indonesia, IDN
26.0082, 1948, Dec Average, Indonesia, IDN
26.0528, 1949, Jan Average, Indonesia, IDN
25.8902, 1949, Feb Average, Indonesia, IDN
25.8478, 1949, Mar Average, Indonesia, IDN
25.7371, 1949, Apr Average, Indonesia, IDN
25.6, 1949, May Average, Indonesia, IDN
25.2215, 1949, Jun Average, Indonesia, IDN
24.9543, 1949, Jul Average, Indonesia, IDN
25.1235, 1949, Aug Average, Indonesia, IDN
25.563, 1949, Sep Average, Indonesia, IDN
25.9317, 1949, Oct Average, Indonesia, IDN
26.0048, 1949, Nov Average, Indonesia, IDN
25.8309, 1949, Dec Average, Indonesia, IDN
25.9121, 1950, Jan Average, Indonesia, IDN
25.558, 1950, Feb Average, Indonesia, IDN
26.182, 1950, Mar Average, Indonesia, IDN
25.9034, 1950, Apr Average, Indonesia, IDN
25.9465, 1950, May Average, Indonesia, IDN
25.8262, 1950, Jun Average, Indonesia, IDN
25.2113, 1950, Jul Average, Indonesia, IDN
25.2489, 1950, Aug Average, Indonesia, IDN
25.6491, 1950, Sep Average, Indonesia, IDN
25.6791, 1950, Oct Average, Indonesia, IDN
25.8196, 1950, Nov Average, Indonesia, IDN
25.4539, 1950, Dec Average, Indonesia, IDN
25.3909, 1951, Jan Average, Indonesia, IDN
25.3968, 1951, Feb Average, Indonesia, IDN
25.8406, 1951, Mar Average, Indonesia, IDN
26.0495, 1951, Apr Average, Indonesia, IDN
25.7571, 1951, May Average, Indonesia, IDN
25.8687, 1951, Jun Average, Indonesia, IDN
25.0619, 1951, Jul Average, Indonesia, IDN
25.4018, 1951, Aug Average, Indonesia, IDN
25.6851, 1951, Sep Average, Indonesia, IDN
26.0346, 1951, Oct Average, Indonesia, IDN
26.5266, 1951, Nov Average, Indonesia, IDN
26.0419, 1951, Dec Average, Indonesia, IDN
25.9878, 1952, Jan Average, Indonesia, IDN
26.0319, 1952, Feb Average, Indonesia, IDN
25.681, 1952, Mar Average, Indonesia, IDN
26.182, 1952, Apr Average, Indonesia, IDN
25.9844, 1952, May Average, Indonesia, IDN
25.6906, 1952, Jun Average, Indonesia, IDN
25.3154, 1952, Jul Average, Indonesia, IDN
25.2921, 1952, Aug Average, Indonesia, IDN
25.7138, 1952, Sep Average, Indonesia, IDN
25.9679, 1952, Oct Average, Indonesia, IDN
25.5679, 1952, Nov Average, Indonesia, IDN
25.7301, 1952, Dec Average, Indonesia, IDN
25.6892, 1953, Jan Average, Indonesia, IDN
25.5198, 1953, Feb Average, Indonesia, IDN
25.9364, 1953, Mar Average, Indonesia, IDN
26.0726, 1953, Apr Average, Indonesia, IDN
25.7582, 1953, May Average, Indonesia, IDN
25.8417, 1953, Jun Average, Indonesia, IDN
25.0254, 1953, Jul Average, Indonesia, IDN
25.2995, 1953, Aug Average, Indonesia, IDN
25.7407, 1953, Sep Average, Indonesia, IDN
26.3227, 1953, Oct Average, Indonesia, IDN
26.0107, 1953, Nov Average, Indonesia, IDN
26.1445, 1953, Dec Average, Indonesia, IDN
25.9374, 1954, Jan Average, Indonesia, IDN
25.8026, 1954, Feb Average, Indonesia, IDN
25.9487, 1954, Mar Average, Indonesia, IDN
26.1403, 1954, Apr Average, Indonesia, IDN
26.0544, 1954, May Average, Indonesia, IDN
25.5696, 1954, Jun Average, Indonesia, IDN
25.1471, 1954, Jul Average, Indonesia, IDN
25.2721, 1954, Aug Average, Indonesia, IDN
25.6498, 1954, Sep Average, Indonesia, IDN
25.4398, 1954, Oct Average, Indonesia, IDN
25.2918, 1954, Nov Average, Indonesia, IDN
25.5393, 1954, Dec Average, Indonesia, IDN
25.569, 1955, Jan Average, Indonesia, IDN
25.4706, 1955, Feb Average, Indonesia, IDN
25.6747, 1955, Mar Average, Indonesia, IDN
25.849, 1955, Apr Average, Indonesia, IDN
26.2272, 1955, May Average, Indonesia, IDN
25.5506, 1955, Jun Average, Indonesia, IDN
25.1365, 1955, Jul Average, Indonesia, IDN
25.2896, 1955, Aug Average, Indonesia, IDN
25.6381, 1955, Sep Average, Indonesia, IDN
25.9251, 1955, Oct Average, Indonesia, IDN
25.4125, 1955, Nov Average, Indonesia, IDN
25.6369, 1955, Dec Average, Indonesia, IDN
25.1844, 1956, Jan Average, Indonesia, IDN
25.5426, 1956, Feb Average, Indonesia, IDN
25.7206, 1956, Mar Average, Indonesia, IDN
26.0785, 1956, Apr Average, Indonesia, IDN
25.8676, 1956, May Average, Indonesia, IDN
25.3895, 1956, Jun Average, Indonesia, IDN
25.0288, 1956, Jul Average, Indonesia, IDN
25.2234, 1956, Aug Average, Indonesia, IDN
25.3926, 1956, Sep Average, Indonesia, IDN
25.6744, 1956, Oct Average, Indonesia, IDN
25.6617, 1956, Nov Average, Indonesia, IDN
25.2843, 1956, Dec Average, Indonesia, IDN
25.4207, 1957, Jan Average, Indonesia, IDN
25.4263, 1957, Feb Average, Indonesia, IDN
25.7044, 1957, Mar Average, Indonesia, IDN
26.2385, 1957, Apr Average, Indonesia, IDN
26.0448, 1957, May Average, Indonesia, IDN
25.8892, 1957, Jun Average, Indonesia, IDN
25.3855, 1957, Jul Average, Indonesia, IDN
25.4392, 1957, Aug Average, Indonesia, IDN
25.5212, 1957, Sep Average, Indonesia, IDN
26.1811, 1957, Oct Average, Indonesia, IDN
26.2319, 1957, Nov Average, Indonesia, IDN
25.9153, 1957, Dec Average, Indonesia, IDN
26.2074, 1958, Jan Average, Indonesia, IDN
25.8634, 1958, Feb Average, Indonesia, IDN
26.2418, 1958, Mar Average, Indonesia, IDN
26.5073, 1958, Apr Average, Indonesia, IDN
26.59, 1958, May Average, Indonesia, IDN
26.0899, 1958, Jun Average, Indonesia, IDN
25.5544, 1958, Jul Average, Indonesia, IDN
25.472, 1958, Aug Average, Indonesia, IDN
25.7634, 1958, Sep Average, Indonesia, IDN
26.0167, 1958, Oct Average, Indonesia, IDN
25.6431, 1958, Nov Average, Indonesia, IDN
25.7518, 1958, Dec Average, Indonesia, IDN
25.6201, 1959, Jan Average, Indonesia, IDN
25.9603, 1959, Feb Average, Indonesia, IDN
25.7633, 1959, Mar Average, Indonesia, IDN
25.928, 1959, Apr Average, Indonesia, IDN
26.2076, 1959, May Average, Indonesia, IDN
25.4851, 1959, Jun Average, Indonesia, IDN
25.1067, 1959, Jul Average, Indonesia, IDN
25.1267, 1959, Aug Average, Indonesia, IDN
25.4643, 1959, Sep Average, Indonesia, IDN
26.0818, 1959, Oct Average, Indonesia, IDN
26.134, 1959, Nov Average, Indonesia, IDN
25.8268, 1959, Dec Average, Indonesia, IDN
25.546, 1960, Jan Average, Indonesia, IDN
25.5641, 1960, Feb Average, Indonesia, IDN
25.7771, 1960, Mar Average, Indonesia, IDN
26.0089, 1960, Apr Average, Indonesia, IDN
25.9477, 1960, May Average, Indonesia, IDN
25.5247, 1960, Jun Average, Indonesia, IDN
25.2184, 1960, Jul Average, Indonesia, IDN
25.691, 1960, Aug Average, Indonesia, IDN
25.7013, 1960, Sep Average, Indonesia, IDN
26.1627, 1960, Oct Average, Indonesia, IDN
25.9708, 1960, Nov Average, Indonesia, IDN
26.006, 1960, Dec Average, Indonesia, IDN
25.3947, 1961, Jan Average, Indonesia, IDN
25.7323, 1961, Feb Average, Indonesia, IDN
25.9874, 1961, Mar Average, Indonesia, IDN
26.0448, 1961, Apr Average, Indonesia, IDN
25.9864, 1961, May Average, Indonesia, IDN
25.2469, 1961, Jun Average, Indonesia, IDN
24.9706, 1961, Jul Average, Indonesia, IDN
25.0286, 1961, Aug Average, Indonesia, IDN
25.2884, 1961, Sep Average, Indonesia, IDN
25.763, 1961, Oct Average, Indonesia, IDN
25.9283, 1961, Nov Average, Indonesia, IDN
25.911, 1961, Dec Average, Indonesia, IDN
25.3387, 1962, Jan Average, Indonesia, IDN
25.2544, 1962, Feb Average, Indonesia, IDN
25.5018, 1962, Mar Average, Indonesia, IDN
25.7846, 1962, Apr Average, Indonesia, IDN
25.86, 1962, May Average, Indonesia, IDN
25.458, 1962, Jun Average, Indonesia, IDN
25.4092, 1962, Jul Average, Indonesia, IDN
24.9688, 1962, Aug Average, Indonesia, IDN
25.5038, 1962, Sep Average, Indonesia, IDN
26.0599, 1962, Oct Average, Indonesia, IDN
26.0714, 1962, Nov Average, Indonesia, IDN
25.6819, 1962, Dec Average, Indonesia, IDN
24.9713, 1963, Jan Average, Indonesia, IDN
25.2258, 1963, Feb Average, Indonesia, IDN
25.5272, 1963, Mar Average, Indonesia, IDN
26.0676, 1963, Apr Average, Indonesia, IDN
25.9966, 1963, May Average, Indonesia, IDN
25.7304, 1963, Jun Average, Indonesia, IDN
25.1329, 1963, Jul Average, Indonesia, IDN
25.0798, 1963, Aug Average, Indonesia, IDN
25.6274, 1963, Sep Average, Indonesia, IDN
26.0202, 1963, Oct Average, Indonesia, IDN
26.2902, 1963, Nov Average, Indonesia, IDN
26.0413, 1963, Dec Average, Indonesia, IDN
26.1057, 1964, Jan Average, Indonesia, IDN
25.9232, 1964, Feb Average, Indonesia, IDN
25.8071, 1964, Mar Average, Indonesia, IDN
26.1254, 1964, Apr Average, Indonesia, IDN
26.1464, 1964, May Average, Indonesia, IDN
25.4765, 1964, Jun Average, Indonesia, IDN
25.0958, 1964, Jul Average, Indonesia, IDN
25.2261, 1964, Aug Average, Indonesia, IDN
25.6556, 1964, Sep Average, Indonesia, IDN
25.5669, 1964, Oct Average, Indonesia, IDN
25.4845, 1964, Nov Average, Indonesia, IDN
25.3464, 1964, Dec Average, Indonesia, IDN
24.9616, 1965, Jan Average, Indonesia, IDN
25.4699, 1965, Feb Average, Indonesia, IDN
25.4964, 1965, Mar Average, Indonesia, IDN
25.5369, 1965, Apr Average, Indonesia, IDN
25.7397, 1965, May Average, Indonesia, IDN
25.4788, 1965, Jun Average, Indonesia, IDN
24.9256, 1965, Jul Average, Indonesia, IDN
25.0721, 1965, Aug Average, Indonesia, IDN
25.5204, 1965, Sep Average, Indonesia, IDN
26.0035, 1965, Oct Average, Indonesia, IDN
26.3975, 1965, Nov Average, Indonesia, IDN
25.9504, 1965, Dec Average, Indonesia, IDN
25.6955, 1966, Jan Average, Indonesia, IDN
25.7917, 1966, Feb Average, Indonesia, IDN
25.9101, 1966, Mar Average, Indonesia, IDN
26.2722, 1966, Apr Average, Indonesia, IDN
26.1694, 1966, May Average, Indonesia, IDN
25.5001, 1966, Jun Average, Indonesia, IDN
25.0554, 1966, Jul Average, Indonesia, IDN
25.3719, 1966, Aug Average, Indonesia, IDN
25.8942, 1966, Sep Average, Indonesia, IDN
25.9016, 1966, Oct Average, Indonesia, IDN
25.9884, 1966, Nov Average, Indonesia, IDN
25.7086, 1966, Dec Average, Indonesia, IDN
25.4227, 1967, Jan Average, Indonesia, IDN
25.3306, 1967, Feb Average, Indonesia, IDN
25.5837, 1967, Mar Average, Indonesia, IDN
25.6889, 1967, Apr Average, Indonesia, IDN
25.7711, 1967, May Average, Indonesia, IDN
25.436, 1967, Jun Average, Indonesia, IDN
25.0536, 1967, Jul Average, Indonesia, IDN
25.4262, 1967, Aug Average, Indonesia, IDN
25.5027, 1967, Sep Average, Indonesia, IDN
25.913, 1967, Oct Average, Indonesia, IDN
25.9341, 1967, Nov Average, Indonesia, IDN
25.6752, 1967, Dec Average, Indonesia, IDN
25.3661, 1968, Jan Average, Indonesia, IDN
25.1887, 1968, Feb Average, Indonesia, IDN
25.7399, 1968, Mar Average, Indonesia, IDN
25.8057, 1968, Apr Average, Indonesia, IDN
25.8708, 1968, May Average, Indonesia, IDN
25.7051, 1968, Jun Average, Indonesia, IDN
25.2854, 1968, Jul Average, Indonesia, IDN
25.2978, 1968, Aug Average, Indonesia, IDN
25.6951, 1968, Sep Average, Indonesia, IDN
25.8595, 1968, Oct Average, Indonesia, IDN
25.9362, 1968, Nov Average, Indonesia, IDN
25.8129, 1968, Dec Average, Indonesia, IDN
25.8503, 1969, Jan Average, Indonesia, IDN
25.8746, 1969, Feb Average, Indonesia, IDN
26.2029, 1969, Mar Average, Indonesia, IDN
26.3137, 1969, Apr Average, Indonesia, IDN
26.3354, 1969, May Average, Indonesia, IDN
25.7466, 1969, Jun Average, Indonesia, IDN
25.4004, 1969, Jul Average, Indonesia, IDN
25.3551, 1969, Aug Average, Indonesia, IDN
25.7021, 1969, Sep Average, Indonesia, IDN
26.015, 1969, Oct Average, Indonesia, IDN
26.0904, 1969, Nov Average, Indonesia, IDN
25.7598, 1969, Dec Average, Indonesia, IDN
25.8956, 1970, Jan Average, Indonesia, IDN
25.9265, 1970, Feb Average, Indonesia, IDN
26.1694, 1970, Mar Average, Indonesia, IDN
26.1885, 1970, Apr Average, Indonesia, IDN
26.1271, 1970, May Average, Indonesia, IDN
25.7935, 1970, Jun Average, Indonesia, IDN
25.216, 1970, Jul Average, Indonesia, IDN
25.33, 1970, Aug Average, Indonesia, IDN
25.6458, 1970, Sep Average, Indonesia, IDN
26.0633, 1970, Oct Average, Indonesia, IDN
25.9197, 1970, Nov Average, Indonesia, IDN
25.6614, 1970, Dec Average, Indonesia, IDN
25.2633, 1971, Jan Average, Indonesia, IDN
25.279, 1971, Feb Average, Indonesia, IDN
25.5865, 1971, Mar Average, Indonesia, IDN
26.0089, 1971, Apr Average, Indonesia, IDN
26.0196, 1971, May Average, Indonesia, IDN
25.4471, 1971, Jun Average, Indonesia, IDN
25.1823, 1971, Jul Average, Indonesia, IDN
25.1862, 1971, Aug Average, Indonesia, IDN
25.8472, 1971, Sep Average, Indonesia, IDN
25.8907, 1971, Oct Average, Indonesia, IDN
25.5844, 1971, Nov Average, Indonesia, IDN
25.6795, 1971, Dec Average, Indonesia, IDN
25.1414, 1972, Jan Average, Indonesia, IDN
25.6906, 1972, Feb Average, Indonesia, IDN
25.531, 1972, Mar Average, Indonesia, IDN
25.8538, 1972, Apr Average, Indonesia, IDN
26.0355, 1972, May Average, Indonesia, IDN
25.6443, 1972, Jun Average, Indonesia, IDN
25.6932, 1972, Jul Average, Indonesia, IDN
25.5893, 1972, Aug Average, Indonesia, IDN
25.7133, 1972, Sep Average, Indonesia, IDN
26.235, 1972, Oct Average, Indonesia, IDN
26.4927, 1972, Nov Average, Indonesia, IDN
26.5156, 1972, Dec Average, Indonesia, IDN
26.1618, 1973, Jan Average, Indonesia, IDN
26.3114, 1973, Feb Average, Indonesia, IDN
26.1749, 1973, Mar Average, Indonesia, IDN
26.4557, 1973, Apr Average, Indonesia, IDN
26.1239, 1973, May Average, Indonesia, IDN
26.1432, 1973, Jun Average, Indonesia, IDN
25.7591, 1973, Jul Average, Indonesia, IDN
25.7993, 1973, Aug Average, Indonesia, IDN
25.7803, 1973, Sep Average, Indonesia, IDN
26.2288, 1973, Oct Average, Indonesia, IDN
25.885, 1973, Nov Average, Indonesia, IDN
25.5961, 1973, Dec Average, Indonesia, IDN
25.1733, 1974, Jan Average, Indonesia, IDN
25.2793, 1974, Feb Average, Indonesia, IDN
25.5719, 1974, Mar Average, Indonesia, IDN
26.0752, 1974, Apr Average, Indonesia, IDN
25.9084, 1974, May Average, Indonesia, IDN
25.4422, 1974, Jun Average, Indonesia, IDN
25.0777, 1974, Jul Average, Indonesia, IDN
25.6527, 1974, Aug Average, Indonesia, IDN
25.7907, 1974, Sep Average, Indonesia, IDN
26.0596, 1974, Oct Average, Indonesia, IDN
25.9352, 1974, Nov Average, Indonesia, IDN
25.7433, 1974, Dec Average, Indonesia, IDN
25.6688, 1975, Jan Average, Indonesia, IDN
25.4727, 1975, Feb Average, Indonesia, IDN
25.5722, 1975, Mar Average, Indonesia, IDN
26.1106, 1975, Apr Average, Indonesia, IDN
25.9235, 1975, May Average, Indonesia, IDN
25.5443, 1975, Jun Average, Indonesia, IDN
25.3292, 1975, Jul Average, Indonesia, IDN
25.7239, 1975, Aug Average, Indonesia, IDN
25.6492, 1975, Sep Average, Indonesia, IDN
25.8702, 1975, Oct Average, Indonesia, IDN
25.6963, 1975, Nov Average, Indonesia, IDN
25.5964, 1975, Dec Average, Indonesia, IDN
24.8224, 1976, Jan Average, Indonesia, IDN
25.1561, 1976, Feb Average, Indonesia, IDN
25.4359, 1976, Mar Average, Indonesia, IDN
25.6428, 1976, Apr Average, Indonesia, IDN
25.9053, 1976, May Average, Indonesia, IDN
25.2089, 1976, Jun Average, Indonesia, IDN
25.0806, 1976, Jul Average, Indonesia, IDN
25.1627, 1976, Aug Average, Indonesia, IDN
25.5466, 1976, Sep Average, Indonesia, IDN
25.8408, 1976, Oct Average, Indonesia, IDN
25.8242, 1976, Nov Average, Indonesia, IDN
25.8411, 1976, Dec Average, Indonesia, IDN
25.5263, 1977, Jan Average, Indonesia, IDN
25.0769, 1977, Feb Average, Indonesia, IDN
25.4992, 1977, Mar Average, Indonesia, IDN
26.1124, 1977, Apr Average, Indonesia, IDN
25.9439, 1977, May Average, Indonesia, IDN
25.2642, 1977, Jun Average, Indonesia, IDN
25.1666, 1977, Jul Average, Indonesia, IDN
25.0567, 1977, Aug Average, Indonesia, IDN
25.7237, 1977, Sep Average, Indonesia, IDN
26.0808, 1977, Oct Average, Indonesia, IDN
25.9789, 1977, Nov Average, Indonesia, IDN
25.9428, 1977, Dec Average, Indonesia, IDN
25.5823, 1978, Jan Average, Indonesia, IDN
25.7012, 1978, Feb Average, Indonesia, IDN
25.8876, 1978, Mar Average, Indonesia, IDN
26.0473, 1978, Apr Average, Indonesia, IDN
26.2802, 1978, May Average, Indonesia, IDN
25.6618, 1978, Jun Average, Indonesia, IDN
25.3598, 1978, Jul Average, Indonesia, IDN
25.5573, 1978, Aug Average, Indonesia, IDN
25.5197, 1978, Sep Average, Indonesia, IDN
25.9206, 1978, Oct Average, Indonesia, IDN
25.6746, 1978, Nov Average, Indonesia, IDN
25.6667, 1978, Dec Average, Indonesia, IDN
25.7064, 1979, Jan Average, Indonesia, IDN
25.9835, 1979, Feb Average, Indonesia, IDN
25.8731, 1979, Mar Average, Indonesia, IDN
26.0266, 1979, Apr Average, Indonesia, IDN
26.2339, 1979, May Average, Indonesia, IDN
25.7023, 1979, Jun Average, Indonesia, IDN
25.3675, 1979, Jul Average, Indonesia, IDN
25.7303, 1979, Aug Average, Indonesia, IDN
25.6972, 1979, Sep Average, Indonesia, IDN
26.1894, 1979, Oct Average, Indonesia, IDN
26.0051, 1979, Nov Average, Indonesia, IDN
25.7077, 1979, Dec Average, Indonesia, IDN
25.6753, 1980, Jan Average, Indonesia, IDN
25.5695, 1980, Feb Average, Indonesia, IDN
25.8249, 1980, Mar Average, Indonesia, IDN
26.1669, 1980, Apr Average, Indonesia, IDN
26.4325, 1980, May Average, Indonesia, IDN
25.8516, 1980, Jun Average, Indonesia, IDN
25.7048, 1980, Jul Average, Indonesia, IDN
25.3153, 1980, Aug Average, Indonesia, IDN
25.8665, 1980, Sep Average, Indonesia, IDN
26.1858, 1980, Oct Average, Indonesia, IDN
26.06, 1980, Nov Average, Indonesia, IDN
25.6369, 1980, Dec Average, Indonesia, IDN
25.3146, 1981, Jan Average, Indonesia, IDN
25.4964, 1981, Feb Average, Indonesia, IDN
25.943, 1981, Mar Average, Indonesia, IDN
26.0917, 1981, Apr Average, Indonesia, IDN
26.3784, 1981, May Average, Indonesia, IDN
26.0703, 1981, Jun Average, Indonesia, IDN
25.8294, 1981, Jul Average, Indonesia, IDN
26.3332, 1981, Aug Average, Indonesia, IDN
25.8597, 1981, Sep Average, Indonesia, IDN
26.1773, 1981, Oct Average, Indonesia, IDN
26.2258, 1981, Nov Average, Indonesia, IDN
25.7819, 1981, Dec Average, Indonesia, IDN
25.5074, 1982, Jan Average, Indonesia, IDN
25.8165, 1982, Feb Average, Indonesia, IDN
25.9012, 1982, Mar Average, Indonesia, IDN
26.07, 1982, Apr Average, Indonesia, IDN
26.0897, 1982, May Average, Indonesia, IDN
25.7906, 1982, Jun Average, Indonesia, IDN
25.4463, 1982, Jul Average, Indonesia, IDN
25.3798, 1982, Aug Average, Indonesia, IDN
25.75, 1982, Sep Average, Indonesia, IDN
25.8989, 1982, Oct Average, Indonesia, IDN
26.3599, 1982, Nov Average, Indonesia, IDN
26.3922, 1982, Dec Average, Indonesia, IDN
26.0329, 1983, Jan Average, Indonesia, IDN
26.4413, 1983, Feb Average, Indonesia, IDN
26.646, 1983, Mar Average, Indonesia, IDN
26.7545, 1983, Apr Average, Indonesia, IDN
26.3201, 1983, May Average, Indonesia, IDN
26.1788, 1983, Jun Average, Indonesia, IDN
25.5904, 1983, Jul Average, Indonesia, IDN
25.7486, 1983, Aug Average, Indonesia, IDN
25.8343, 1983, Sep Average, Indonesia, IDN
26.2582, 1983, Oct Average, Indonesia, IDN
25.9426, 1983, Nov Average, Indonesia, IDN
25.6792, 1983, Dec Average, Indonesia, IDN
25.2698, 1984, Jan Average, Indonesia, IDN
25.1824, 1984, Feb Average, Indonesia, IDN
25.6299, 1984, Mar Average, Indonesia, IDN
25.8333, 1984, Apr Average, Indonesia, IDN
25.816, 1984, May Average, Indonesia, IDN
25.4898, 1984, Jun Average, Indonesia, IDN
25.1357, 1984, Jul Average, Indonesia, IDN
25.6204, 1984, Aug Average, Indonesia, IDN
25.3176, 1984, Sep Average, Indonesia, IDN
25.8062, 1984, Oct Average, Indonesia, IDN
25.8139, 1984, Nov Average, Indonesia, IDN
25.71, 1984, Dec Average, Indonesia, IDN
25.7909, 1985, Jan Average, Indonesia, IDN
25.9712, 1985, Feb Average, Indonesia, IDN
25.9113, 1985, Mar Average, Indonesia, IDN
26.0266, 1985, Apr Average, Indonesia, IDN
26.2538, 1985, May Average, Indonesia, IDN
25.7657, 1985, Jun Average, Indonesia, IDN
24.996, 1985, Jul Average, Indonesia, IDN
25.5696, 1985, Aug Average, Indonesia, IDN
25.55, 1985, Sep Average, Indonesia, IDN
25.8922, 1985, Oct Average, Indonesia, IDN
26.0892, 1985, Nov Average, Indonesia, IDN
25.9438, 1985, Dec Average, Indonesia, IDN
25.4286, 1986, Jan Average, Indonesia, IDN
25.7787, 1986, Feb Average, Indonesia, IDN
25.8392, 1986, Mar Average, Indonesia, IDN
26.1301, 1986, Apr Average, Indonesia, IDN
26.4203, 1986, May Average, Indonesia, IDN
26.0152, 1986, Jun Average, Indonesia, IDN
25.7309, 1986, Jul Average, Indonesia, IDN
25.8058, 1986, Aug Average, Indonesia, IDN
25.8977, 1986, Sep Average, Indonesia, IDN
26.0446, 1986, Oct Average, Indonesia, IDN
25.8879, 1986, Nov Average, Indonesia, IDN
26.1184, 1986, Dec Average, Indonesia, IDN
25.6052, 1987, Jan Average, Indonesia, IDN
25.7466, 1987, Feb Average, Indonesia, IDN
26.3357, 1987, Mar Average, Indonesia, IDN
26.4925, 1987, Apr Average, Indonesia, IDN
26.4823, 1987, May Average, Indonesia, IDN
26.4962, 1987, Jun Average, Indonesia, IDN
25.9706, 1987, Jul Average, Indonesia, IDN
25.7988, 1987, Aug Average, Indonesia, IDN
26.1118, 1987, Sep Average, Indonesia, IDN
26.485, 1987, Oct Average, Indonesia, IDN
26.6068, 1987, Nov Average, Indonesia, IDN
26.2209, 1987, Dec Average, Indonesia, IDN
26.2138, 1988, Jan Average, Indonesia, IDN
26.1459, 1988, Feb Average, Indonesia, IDN
26.4389, 1988, Mar Average, Indonesia, IDN
26.5654, 1988, Apr Average, Indonesia, IDN
26.602, 1988, May Average, Indonesia, IDN
25.9194, 1988, Jun Average, Indonesia, IDN
25.6477, 1988, Jul Average, Indonesia, IDN
25.716, 1988, Aug Average, Indonesia, IDN
25.8855, 1988, Sep Average, Indonesia, IDN
26.339, 1988, Oct Average, Indonesia, IDN
26.0046, 1988, Nov Average, Indonesia, IDN
25.489, 1988, Dec Average, Indonesia, IDN
25.9903, 1989, Jan Average, Indonesia, IDN
25.5545, 1989, Feb Average, Indonesia, IDN
25.6372, 1989, Mar Average, Indonesia, IDN
26.0835, 1989, Apr Average, Indonesia, IDN
26.1589, 1989, May Average, Indonesia, IDN
25.6641, 1989, Jun Average, Indonesia, IDN
25.7756, 1989, Jul Average, Indonesia, IDN
25.6732, 1989, Aug Average, Indonesia, IDN
25.8343, 1989, Sep Average, Indonesia, IDN
26.0927, 1989, Oct Average, Indonesia, IDN
26.1485, 1989, Nov Average, Indonesia, IDN
26.1356, 1989, Dec Average, Indonesia, IDN
25.6756, 1990, Jan Average, Indonesia, IDN
26.1352, 1990, Feb Average, Indonesia, IDN
26.3271, 1990, Mar Average, Indonesia, IDN
26.6743, 1990, Apr Average, Indonesia, IDN
26.509, 1990, May Average, Indonesia, IDN
26.1213, 1990, Jun Average, Indonesia, IDN
25.6488, 1990, Jul Average, Indonesia, IDN
25.911, 1990, Aug Average, Indonesia, IDN
25.9124, 1990, Sep Average, Indonesia, IDN
26.4219, 1990, Oct Average, Indonesia, IDN
26.5266, 1990, Nov Average, Indonesia, IDN
26.1894, 1990, Dec Average, Indonesia, IDN
25.922, 1991, Jan Average, Indonesia, IDN
25.822, 1991, Feb Average, Indonesia, IDN
26.2723, 1991, Mar Average, Indonesia, IDN
26.4782, 1991, Apr Average, Indonesia, IDN
26.2828, 1991, May Average, Indonesia, IDN
26.4038, 1991, Jun Average, Indonesia, IDN
25.7928, 1991, Jul Average, Indonesia, IDN
25.8016, 1991, Aug Average, Indonesia, IDN
26.0241, 1991, Sep Average, Indonesia, IDN
26.0919, 1991, Oct Average, Indonesia, IDN
25.9599, 1991, Nov Average, Indonesia, IDN
26.098, 1991, Dec Average, Indonesia, IDN
25.8987, 1992, Jan Average, Indonesia, IDN
26.1443, 1992, Feb Average, Indonesia, IDN
26.6325, 1992, Mar Average, Indonesia, IDN
26.4718, 1992, Apr Average, Indonesia, IDN
26.458, 1992, May Average, Indonesia, IDN
26.1689, 1992, Jun Average, Indonesia, IDN
25.5303, 1992, Jul Average, Indonesia, IDN
26.0876, 1992, Aug Average, Indonesia, IDN
26.1624, 1992, Sep Average, Indonesia, IDN
26.0062, 1992, Oct Average, Indonesia, IDN
25.8514, 1992, Nov Average, Indonesia, IDN
25.8453, 1992, Dec Average, Indonesia, IDN
25.7634, 1993, Jan Average, Indonesia, IDN
25.7944, 1993, Feb Average, Indonesia, IDN
25.938, 1993, Mar Average, Indonesia, IDN
26.2053, 1993, Apr Average, Indonesia, IDN
26.2895, 1993, May Average, Indonesia, IDN
26.235, 1993, Jun Average, Indonesia, IDN
25.8403, 1993, Jul Average, Indonesia, IDN
25.9428, 1993, Aug Average, Indonesia, IDN
25.7695, 1993, Sep Average, Indonesia, IDN
26.1909, 1993, Oct Average, Indonesia, IDN
26.4334, 1993, Nov Average, Indonesia, IDN
26.2452, 1993, Dec Average, Indonesia, IDN
26.1691, 1994, Jan Average, Indonesia, IDN
26.1661, 1994, Feb Average, Indonesia, IDN
25.8484, 1994, Mar Average, Indonesia, IDN
26.2593, 1994, Apr Average, Indonesia, IDN
26.257, 1994, May Average, Indonesia, IDN
25.8771, 1994, Jun Average, Indonesia, IDN
25.7112, 1994, Jul Average, Indonesia, IDN
25.6437, 1994, Aug Average, Indonesia, IDN
26.0021, 1994, Sep Average, Indonesia, IDN
26.1858, 1994, Oct Average, Indonesia, IDN
26.4135, 1994, Nov Average, Indonesia, IDN
26.3233, 1994, Dec Average, Indonesia, IDN
26.0306, 1995, Jan Average, Indonesia, IDN
25.9151, 1995, Feb Average, Indonesia, IDN
26.0508, 1995, Mar Average, Indonesia, IDN
26.4326, 1995, Apr Average, Indonesia, IDN
26.5561, 1995, May Average, Indonesia, IDN
26.2807, 1995, Jun Average, Indonesia, IDN
25.8867, 1995, Jul Average, Indonesia, IDN
25.7223, 1995, Aug Average, Indonesia, IDN
26.1219, 1995, Sep Average, Indonesia, IDN
26.3138, 1995, Oct Average, Indonesia, IDN
26.316, 1995, Nov Average, Indonesia, IDN
25.9224, 1995, Dec Average, Indonesia, IDN
25.6379, 1996, Jan Average, Indonesia, IDN
25.6981, 1996, Feb Average, Indonesia, IDN
26.2014, 1996, Mar Average, Indonesia, IDN
26.3668, 1996, Apr Average, Indonesia, IDN
26.4687, 1996, May Average, Indonesia, IDN
26.2612, 1996, Jun Average, Indonesia, IDN
26.0324, 1996, Jul Average, Indonesia, IDN
25.8504, 1996, Aug Average, Indonesia, IDN
26.3454, 1996, Sep Average, Indonesia, IDN
26.2441, 1996, Oct Average, Indonesia, IDN
26.4013, 1996, Nov Average, Indonesia, IDN
26.0471, 1996, Dec Average, Indonesia, IDN
25.7128, 1997, Jan Average, Indonesia, IDN
25.8819, 1997, Feb Average, Indonesia, IDN
26.3464, 1997, Mar Average, Indonesia, IDN
26.263, 1997, Apr Average, Indonesia, IDN
26.356, 1997, May Average, Indonesia, IDN
26.3734, 1997, Jun Average, Indonesia, IDN
25.9329, 1997, Jul Average, Indonesia, IDN
26.1448, 1997, Aug Average, Indonesia, IDN
26.1145, 1997, Sep Average, Indonesia, IDN
26.4084, 1997, Oct Average, Indonesia, IDN
26.5523, 1997, Nov Average, Indonesia, IDN
26.7557, 1997, Dec Average, Indonesia, IDN
26.7202, 1998, Jan Average, Indonesia, IDN
27.0469, 1998, Feb Average, Indonesia, IDN
27.0381, 1998, Mar Average, Indonesia, IDN
27.1319, 1998, Apr Average, Indonesia, IDN
27.4413, 1998, May Average, Indonesia, IDN
26.565, 1998, Jun Average, Indonesia, IDN
26.323, 1998, Jul Average, Indonesia, IDN
26.0005, 1998, Aug Average, Indonesia, IDN
26.4856, 1998, Sep Average, Indonesia, IDN
26.6983, 1998, Oct Average, Indonesia, IDN
26.7894, 1998, Nov Average, Indonesia, IDN
26.1445, 1998, Dec Average, Indonesia, IDN
26.0042, 1999, Jan Average, Indonesia, IDN
26.0191, 1999, Feb Average, Indonesia, IDN
26.1882, 1999, Mar Average, Indonesia, IDN
26.4651, 1999, Apr Average, Indonesia, IDN
25.993, 1999, May Average, Indonesia, IDN
26.2256, 1999, Jun Average, Indonesia, IDN
25.6948, 1999, Jul Average, Indonesia, IDN
25.7637, 1999, Aug Average, Indonesia, IDN
26.131, 1999, Sep Average, Indonesia, IDN
26.1543, 1999, Oct Average, Indonesia, IDN
26.4382, 1999, Nov Average, Indonesia, IDN
25.8461, 1999, Dec Average, Indonesia, IDN
25.8871, 2000, Jan Average, Indonesia, IDN
25.8147, 2000, Feb Average, Indonesia, IDN
26.2002, 2000, Mar Average, Indonesia, IDN
26.2371, 2000, Apr Average, Indonesia, IDN
26.5952, 2000, May Average, Indonesia, IDN
25.5647, 2000, Jun Average, Indonesia, IDN
26.0155, 2000, Jul Average, Indonesia, IDN
25.8828, 2000, Aug Average, Indonesia, IDN
26.2728, 2000, Sep Average, Indonesia, IDN
26.4302, 2000, Oct Average, Indonesia, IDN
26.627, 2000, Nov Average, Indonesia, IDN
26.2997, 2000, Dec Average, Indonesia, IDN
25.8063, 2001, Jan Average, Indonesia, IDN
26.0298, 2001, Feb Average, Indonesia, IDN
26.1532, 2001, Mar Average, Indonesia, IDN
26.444, 2001, Apr Average, Indonesia, IDN
26.6533, 2001, May Average, Indonesia, IDN
26.1097, 2001, Jun Average, Indonesia, IDN
26.1843, 2001, Jul Average, Indonesia, IDN
26.2354, 2001, Aug Average, Indonesia, IDN
26.2732, 2001, Sep Average, Indonesia, IDN
26.4749, 2001, Oct Average, Indonesia, IDN
26.4472, 2001, Nov Average, Indonesia, IDN
26.2613, 2001, Dec Average, Indonesia, IDN
26.1445, 2002, Jan Average, Indonesia, IDN
26.0863, 2002, Feb Average, Indonesia, IDN
26.4401, 2002, Mar Average, Indonesia, IDN
26.6718, 2002, Apr Average, Indonesia, IDN
27.0112, 2002, May Average, Indonesia, IDN
26.2593, 2002, Jun Average, Indonesia, IDN
26.3516, 2002, Jul Average, Indonesia, IDN
25.9836, 2002, Aug Average, Indonesia, IDN
26.1333, 2002, Sep Average, Indonesia, IDN
26.5763, 2002, Oct Average, Indonesia, IDN
26.6422, 2002, Nov Average, Indonesia, IDN
26.7291, 2002, Dec Average, Indonesia, IDN
26.08, 2003, Jan Average, Indonesia, IDN
26.2484, 2003, Feb Average, Indonesia, IDN
26.1843, 2003, Mar Average, Indonesia, IDN
26.5106, 2003, Apr Average, Indonesia, IDN
27.0282, 2003, May Average, Indonesia, IDN
26.2818, 2003, Jun Average, Indonesia, IDN
25.7395, 2003, Jul Average, Indonesia, IDN
25.9517, 2003, Aug Average, Indonesia, IDN
26.0636, 2003, Sep Average, Indonesia, IDN
26.3069, 2003, Oct Average, Indonesia, IDN
26.5374, 2003, Nov Average, Indonesia, IDN
26.1407, 2003, Dec Average, Indonesia, IDN
26.2592, 2004, Jan Average, Indonesia, IDN
26.221, 2004, Feb Average, Indonesia, IDN
26.5128, 2004, Mar Average, Indonesia, IDN
26.9041, 2004, Apr Average, Indonesia, IDN
26.6505, 2004, May Average, Indonesia, IDN
26.1623, 2004, Jun Average, Indonesia, IDN
25.6703, 2004, Jul Average, Indonesia, IDN
26.0378, 2004, Aug Average, Indonesia, IDN
25.7028, 2004, Sep Average, Indonesia, IDN
26.3079, 2004, Oct Average, Indonesia, IDN
26.2751, 2004, Nov Average, Indonesia, IDN
26.1407, 2004, Dec Average, Indonesia, IDN
26.1179, 2005, Jan Average, Indonesia, IDN
26.5917, 2005, Feb Average, Indonesia, IDN
26.4955, 2005, Mar Average, Indonesia, IDN
26.6528, 2005, Apr Average, Indonesia, IDN
26.4072, 2005, May Average, Indonesia, IDN
26.2382, 2005, Jun Average, Indonesia, IDN
26.0625, 2005, Jul Average, Indonesia, IDN
26.1977, 2005, Aug Average, Indonesia, IDN
26.3025, 2005, Sep Average, Indonesia, IDN
26.3244, 2005, Oct Average, Indonesia, IDN
26.2487, 2005, Nov Average, Indonesia, IDN
25.9143, 2005, Dec Average, Indonesia, IDN
25.8618, 2006, Jan Average, Indonesia, IDN
26.0914, 2006, Feb Average, Indonesia, IDN
26.34, 2006, Mar Average, Indonesia, IDN
26.2309, 2006, Apr Average, Indonesia, IDN
26.139, 2006, May Average, Indonesia, IDN
25.6293, 2006, Jun Average, Indonesia, IDN
25.9191, 2006, Jul Average, Indonesia, IDN
26.097, 2006, Aug Average, Indonesia, IDN
25.7588, 2006, Sep Average, Indonesia, IDN
26.3934, 2006, Oct Average, Indonesia, IDN
26.4278, 2006, Nov Average, Indonesia, IDN
26.5045, 2006, Dec Average, Indonesia, IDN
25.9908, 2007, Jan Average, Indonesia, IDN
26.0761, 2007, Feb Average, Indonesia, IDN
26.2171, 2007, Mar Average, Indonesia, IDN
26.4058, 2007, Apr Average, Indonesia, IDN
26.6741, 2007, May Average, Indonesia, IDN
26.1211, 2007, Jun Average, Indonesia, IDN
25.7758, 2007, Jul Average, Indonesia, IDN
25.8261, 2007, Aug Average, Indonesia, IDN
25.9217, 2007, Sep Average, Indonesia, IDN
26.4872, 2007, Oct Average, Indonesia, IDN
26.1071, 2007, Nov Average, Indonesia, IDN
26.0463, 2007, Dec Average, Indonesia, IDN
26.033, 2008, Jan Average, Indonesia, IDN
25.7606, 2008, Feb Average, Indonesia, IDN
25.6627, 2008, Mar Average, Indonesia, IDN
25.9887, 2008, Apr Average, Indonesia, IDN
26.2862, 2008, May Average, Indonesia, IDN
25.8421, 2008, Jun Average, Indonesia, IDN
25.4451, 2008, Jul Average, Indonesia, IDN
25.8118, 2008, Aug Average, Indonesia, IDN
26.0801, 2008, Sep Average, Indonesia, IDN
26.4797, 2008, Oct Average, Indonesia, IDN
26.4117, 2008, Nov Average, Indonesia, IDN
26.2618, 2008, Dec Average, Indonesia, IDN
25.7772, 2009, Jan Average, Indonesia, IDN
25.7817, 2009, Feb Average, Indonesia, IDN
25.958, 2009, Mar Average, Indonesia, IDN
26.7217, 2009, Apr Average, Indonesia, IDN
26.5502, 2009, May Average, Indonesia, IDN
26.3983, 2009, Jun Average, Indonesia, IDN
26.1034, 2009, Jul Average, Indonesia, IDN
26.146, 2009, Aug Average, Indonesia, IDN
26.596, 2009, Sep Average, Indonesia, IDN
26.6273, 2009, Oct Average, Indonesia, IDN
26.6877, 2009, Nov Average, Indonesia, IDN
26.4703, 2009, Dec Average, Indonesia, IDN
26.0925, 2010, Jan Average, Indonesia, IDN
26.6103, 2010, Feb Average, Indonesia, IDN
26.6577, 2010, Mar Average, Indonesia, IDN
26.8081, 2010, Apr Average, Indonesia, IDN
26.9744, 2010, May Average, Indonesia, IDN
26.4764, 2010, Jun Average, Indonesia, IDN
25.9426, 2010, Jul Average, Indonesia, IDN
26.1792, 2010, Aug Average, Indonesia, IDN
26.3379, 2010, Sep Average, Indonesia, IDN
26.4788, 2010, Oct Average, Indonesia, IDN
26.424, 2010, Nov Average, Indonesia, IDN
26.131, 2010, Dec Average, Indonesia, IDN
25.8354, 2011, Jan Average, Indonesia, IDN
25.9172, 2011, Feb Average, Indonesia, IDN
26.1868, 2011, Mar Average, Indonesia, IDN
26.4147, 2011, Apr Average, Indonesia, IDN
26.2142, 2011, May Average, Indonesia, IDN
26.0326, 2011, Jun Average, Indonesia, IDN
25.9881, 2011, Jul Average, Indonesia, IDN
25.8631, 2011, Aug Average, Indonesia, IDN
26.104, 2011, Sep Average, Indonesia, IDN
26.3972, 2011, Oct Average, Indonesia, IDN
26.5333, 2011, Nov Average, Indonesia, IDN
26.5105, 2011, Dec Average, Indonesia, IDN
26.203, 2012, Jan Average, Indonesia, IDN
26.3567, 2012, Feb Average, Indonesia, IDN
26.2156, 2012, Mar Average, Indonesia, IDN
26.4839, 2012, Apr Average, Indonesia, IDN
26.6149, 2012, May Average, Indonesia, IDN
26.3431, 2012, Jun Average, Indonesia, IDN
25.6763, 2012, Jul Average, Indonesia, IDN
25.9398, 2012, Aug Average, Indonesia, IDN
26.3573, 2012, Sep Average, Indonesia, IDN
26.66, 2012, Oct Average, Indonesia, IDN
26.6037, 2012, Nov Average, Indonesia, IDN
26.546, 2012, Dec Average, Indonesia, IDN
26.3733, 2013, Jan Average, Indonesia, IDN
26.2532, 2013, Feb Average, Indonesia, IDN
26.7067, 2013, Mar Average, Indonesia, IDN
26.65, 2013, Apr Average, Indonesia, IDN
26.7903, 2013, May Average, Indonesia, IDN
26.7821, 2013, Jun Average, Indonesia, IDN
26.0773, 2013, Jul Average, Indonesia, IDN
26.074, 2013, Aug Average, Indonesia, IDN
26.1239, 2013, Sep Average, Indonesia, IDN
26.5763, 2013, Oct Average, Indonesia, IDN
26.3509, 2013, Nov Average, Indonesia, IDN
26.3686, 2013, Dec Average, Indonesia, IDN
25.6009, 2014, Jan Average, Indonesia, IDN
26.0123, 2014, Feb Average, Indonesia, IDN
26.4182, 2014, Mar Average, Indonesia, IDN
26.8454, 2014, Apr Average, Indonesia, IDN
26.6872, 2014, May Average, Indonesia, IDN
26.734, 2014, Jun Average, Indonesia, IDN
26.0933, 2014, Jul Average, Indonesia, IDN
25.8123, 2014, Aug Average, Indonesia, IDN
26.347, 2014, Sep Average, Indonesia, IDN
26.6925, 2014, Oct Average, Indonesia, IDN
26.8099, 2014, Nov Average, Indonesia, IDN
26.4952, 2014, Dec Average, Indonesia, IDN
25.8829, 2015, Jan Average, Indonesia, IDN
26.0899, 2015, Feb Average, Indonesia, IDN
26.3919, 2015, Mar Average, Indonesia, IDN
26.84, 2015, Apr Average, Indonesia, IDN
26.8103, 2015, May Average, Indonesia, IDN
26.6382, 2015, Jun Average, Indonesia, IDN
26.2856, 2015, Jul Average, Indonesia, IDN
26.0917, 2015, Aug Average, Indonesia, IDN
26.4075, 2015, Sep Average, Indonesia, IDN
26.8818, 2015, Oct Average, Indonesia, IDN
26.8451, 2015, Nov Average, Indonesia, IDN
26.7729, 2015, Dec Average, Indonesia, IDN
26.9007, 2016, Jan Average, Indonesia, IDN
26.6521, 2016, Feb Average, Indonesia, IDN
27.1355, 2016, Mar Average, Indonesia, IDN
27.4218, 2016, Apr Average, Indonesia, IDN
27.2184, 2016, May Average, Indonesia, IDN
26.6709, 2016, Jun Average, Indonesia, IDN
26.233, 2016, Jul Average, Indonesia, IDN
26.5444, 2016, Aug Average, Indonesia, IDN
26.5721, 2016, Sep Average, Indonesia, IDN
26.6892, 2016, Oct Average, Indonesia, IDN
26.5876, 2016, Nov Average, Indonesia, IDN
26.6843, 2016, Dec Average, Indonesia, IDN
