"","Temperature....Celsius.","Year","Statistics","Country","ISO3"
"1",25.3947,1961," Jan Average"," Indonesia"," IDN"
"2",25.7323,1961," Feb Average"," Indonesia"," IDN"
"3",25.9874,1961," Mar Average"," Indonesia"," IDN"
"4",26.0448,1961," Apr Average"," Indonesia"," IDN"
"5",25.9864,1961," May Average"," Indonesia"," IDN"
"6",25.2469,1961," Jun Average"," Indonesia"," IDN"
"7",24.9706,1961," Jul Average"," Indonesia"," IDN"
"8",25.0286,1961," Aug Average"," Indonesia"," IDN"
"9",25.2884,1961," Sep Average"," Indonesia"," IDN"
"10",25.763,1961," Oct Average"," Indonesia"," IDN"
"11",25.9283,1961," Nov Average"," Indonesia"," IDN"
"12",25.911,1961," Dec Average"," Indonesia"," IDN"
"13",25.3387,1962," Jan Average"," Indonesia"," IDN"
"14",25.2544,1962," Feb Average"," Indonesia"," IDN"
"15",25.5018,1962," Mar Average"," Indonesia"," IDN"
"16",25.7846,1962," Apr Average"," Indonesia"," IDN"
"17",25.86,1962," May Average"," Indonesia"," IDN"
"18",25.458,1962," Jun Average"," Indonesia"," IDN"
"19",25.4092,1962," Jul Average"," Indonesia"," IDN"
"20",24.9688,1962," Aug Average"," Indonesia"," IDN"
"21",25.5038,1962," Sep Average"," Indonesia"," IDN"
"22",26.0599,1962," Oct Average"," Indonesia"," IDN"
"23",26.0714,1962," Nov Average"," Indonesia"," IDN"
"24",25.6819,1962," Dec Average"," Indonesia"," IDN"
"25",24.9713,1963," Jan Average"," Indonesia"," IDN"
"26",25.2258,1963," Feb Average"," Indonesia"," IDN"
"27",25.5272,1963," Mar Average"," Indonesia"," IDN"
"28",26.0676,1963," Apr Average"," Indonesia"," IDN"
"29",25.9966,1963," May Average"," Indonesia"," IDN"
"30",25.7304,1963," Jun Average"," Indonesia"," IDN"
"31",25.1329,1963," Jul Average"," Indonesia"," IDN"
"32",25.0798,1963," Aug Average"," Indonesia"," IDN"
"33",25.6274,1963," Sep Average"," Indonesia"," IDN"
"34",26.0202,1963," Oct Average"," Indonesia"," IDN"
"35",26.2902,1963," Nov Average"," Indonesia"," IDN"
"36",26.0413,1963," Dec Average"," Indonesia"," IDN"
"37",26.1057,1964," Jan Average"," Indonesia"," IDN"
"38",25.9232,1964," Feb Average"," Indonesia"," IDN"
"39",25.8071,1964," Mar Average"," Indonesia"," IDN"
"40",26.1254,1964," Apr Average"," Indonesia"," IDN"
"41",26.1464,1964," May Average"," Indonesia"," IDN"
"42",25.4765,1964," Jun Average"," Indonesia"," IDN"
"43",25.0958,1964," Jul Average"," Indonesia"," IDN"
"44",25.2261,1964," Aug Average"," Indonesia"," IDN"
"45",25.6556,1964," Sep Average"," Indonesia"," IDN"
"46",25.5669,1964," Oct Average"," Indonesia"," IDN"
"47",25.4845,1964," Nov Average"," Indonesia"," IDN"
"48",25.3464,1964," Dec Average"," Indonesia"," IDN"
"49",24.9616,1965," Jan Average"," Indonesia"," IDN"
"50",25.4699,1965," Feb Average"," Indonesia"," IDN"
"51",25.4964,1965," Mar Average"," Indonesia"," IDN"
"52",25.5369,1965," Apr Average"," Indonesia"," IDN"
"53",25.7397,1965," May Average"," Indonesia"," IDN"
"54",25.4788,1965," Jun Average"," Indonesia"," IDN"
"55",24.9256,1965," Jul Average"," Indonesia"," IDN"
"56",25.0721,1965," Aug Average"," Indonesia"," IDN"
"57",25.5204,1965," Sep Average"," Indonesia"," IDN"
"58",26.0035,1965," Oct Average"," Indonesia"," IDN"
"59",26.3975,1965," Nov Average"," Indonesia"," IDN"
"60",25.9504,1965," Dec Average"," Indonesia"," IDN"
"61",25.6955,1966," Jan Average"," Indonesia"," IDN"
"62",25.7917,1966," Feb Average"," Indonesia"," IDN"
"63",25.9101,1966," Mar Average"," Indonesia"," IDN"
"64",26.2722,1966," Apr Average"," Indonesia"," IDN"
"65",26.1694,1966," May Average"," Indonesia"," IDN"
"66",25.5001,1966," Jun Average"," Indonesia"," IDN"
"67",25.0554,1966," Jul Average"," Indonesia"," IDN"
"68",25.3719,1966," Aug Average"," Indonesia"," IDN"
"69",25.8942,1966," Sep Average"," Indonesia"," IDN"
"70",25.9016,1966," Oct Average"," Indonesia"," IDN"
"71",25.9884,1966," Nov Average"," Indonesia"," IDN"
"72",25.7086,1966," Dec Average"," Indonesia"," IDN"
"73",25.4227,1967," Jan Average"," Indonesia"," IDN"
"74",25.3306,1967," Feb Average"," Indonesia"," IDN"
"75",25.5837,1967," Mar Average"," Indonesia"," IDN"
"76",25.6889,1967," Apr Average"," Indonesia"," IDN"
"77",25.7711,1967," May Average"," Indonesia"," IDN"
"78",25.436,1967," Jun Average"," Indonesia"," IDN"
"79",25.0536,1967," Jul Average"," Indonesia"," IDN"
"80",25.4262,1967," Aug Average"," Indonesia"," IDN"
"81",25.5027,1967," Sep Average"," Indonesia"," IDN"
"82",25.913,1967," Oct Average"," Indonesia"," IDN"
"83",25.9341,1967," Nov Average"," Indonesia"," IDN"
"84",25.6752,1967," Dec Average"," Indonesia"," IDN"
"85",25.3661,1968," Jan Average"," Indonesia"," IDN"
"86",25.1887,1968," Feb Average"," Indonesia"," IDN"
"87",25.7399,1968," Mar Average"," Indonesia"," IDN"
"88",25.8057,1968," Apr Average"," Indonesia"," IDN"
"89",25.8708,1968," May Average"," Indonesia"," IDN"
"90",25.7051,1968," Jun Average"," Indonesia"," IDN"
"91",25.2854,1968," Jul Average"," Indonesia"," IDN"
"92",25.2978,1968," Aug Average"," Indonesia"," IDN"
"93",25.6951,1968," Sep Average"," Indonesia"," IDN"
"94",25.8595,1968," Oct Average"," Indonesia"," IDN"
"95",25.9362,1968," Nov Average"," Indonesia"," IDN"
"96",25.8129,1968," Dec Average"," Indonesia"," IDN"
"97",25.8503,1969," Jan Average"," Indonesia"," IDN"
"98",25.8746,1969," Feb Average"," Indonesia"," IDN"
"99",26.2029,1969," Mar Average"," Indonesia"," IDN"
"100",26.3137,1969," Apr Average"," Indonesia"," IDN"
"101",26.3354,1969," May Average"," Indonesia"," IDN"
"102",25.7466,1969," Jun Average"," Indonesia"," IDN"
"103",25.4004,1969," Jul Average"," Indonesia"," IDN"
"104",25.3551,1969," Aug Average"," Indonesia"," IDN"
"105",25.7021,1969," Sep Average"," Indonesia"," IDN"
"106",26.015,1969," Oct Average"," Indonesia"," IDN"
"107",26.0904,1969," Nov Average"," Indonesia"," IDN"
"108",25.7598,1969," Dec Average"," Indonesia"," IDN"
"109",25.8956,1970," Jan Average"," Indonesia"," IDN"
"110",25.9265,1970," Feb Average"," Indonesia"," IDN"
"111",26.1694,1970," Mar Average"," Indonesia"," IDN"
"112",26.1885,1970," Apr Average"," Indonesia"," IDN"
"113",26.1271,1970," May Average"," Indonesia"," IDN"
"114",25.7935,1970," Jun Average"," Indonesia"," IDN"
"115",25.216,1970," Jul Average"," Indonesia"," IDN"
"116",25.33,1970," Aug Average"," Indonesia"," IDN"
"117",25.6458,1970," Sep Average"," Indonesia"," IDN"
"118",26.0633,1970," Oct Average"," Indonesia"," IDN"
"119",25.9197,1970," Nov Average"," Indonesia"," IDN"
"120",25.6614,1970," Dec Average"," Indonesia"," IDN"
"121",25.2633,1971," Jan Average"," Indonesia"," IDN"
"122",25.279,1971," Feb Average"," Indonesia"," IDN"
"123",25.5865,1971," Mar Average"," Indonesia"," IDN"
"124",26.0089,1971," Apr Average"," Indonesia"," IDN"
"125",26.0196,1971," May Average"," Indonesia"," IDN"
"126",25.4471,1971," Jun Average"," Indonesia"," IDN"
"127",25.1823,1971," Jul Average"," Indonesia"," IDN"
"128",25.1862,1971," Aug Average"," Indonesia"," IDN"
"129",25.8472,1971," Sep Average"," Indonesia"," IDN"
"130",25.8907,1971," Oct Average"," Indonesia"," IDN"
"131",25.5844,1971," Nov Average"," Indonesia"," IDN"
"132",25.6795,1971," Dec Average"," Indonesia"," IDN"
"133",25.1414,1972," Jan Average"," Indonesia"," IDN"
"134",25.6906,1972," Feb Average"," Indonesia"," IDN"
"135",25.531,1972," Mar Average"," Indonesia"," IDN"
"136",25.8538,1972," Apr Average"," Indonesia"," IDN"
"137",26.0355,1972," May Average"," Indonesia"," IDN"
"138",25.6443,1972," Jun Average"," Indonesia"," IDN"
"139",25.6932,1972," Jul Average"," Indonesia"," IDN"
"140",25.5893,1972," Aug Average"," Indonesia"," IDN"
"141",25.7133,1972," Sep Average"," Indonesia"," IDN"
"142",26.235,1972," Oct Average"," Indonesia"," IDN"
"143",26.4927,1972," Nov Average"," Indonesia"," IDN"
"144",26.5156,1972," Dec Average"," Indonesia"," IDN"
"145",26.1618,1973," Jan Average"," Indonesia"," IDN"
"146",26.3114,1973," Feb Average"," Indonesia"," IDN"
"147",26.1749,1973," Mar Average"," Indonesia"," IDN"
"148",26.4557,1973," Apr Average"," Indonesia"," IDN"
"149",26.1239,1973," May Average"," Indonesia"," IDN"
"150",26.1432,1973," Jun Average"," Indonesia"," IDN"
"151",25.7591,1973," Jul Average"," Indonesia"," IDN"
"152",25.7993,1973," Aug Average"," Indonesia"," IDN"
"153",25.7803,1973," Sep Average"," Indonesia"," IDN"
"154",26.2288,1973," Oct Average"," Indonesia"," IDN"
"155",25.885,1973," Nov Average"," Indonesia"," IDN"
"156",25.5961,1973," Dec Average"," Indonesia"," IDN"
"157",25.1733,1974," Jan Average"," Indonesia"," IDN"
"158",25.2793,1974," Feb Average"," Indonesia"," IDN"
"159",25.5719,1974," Mar Average"," Indonesia"," IDN"
"160",26.0752,1974," Apr Average"," Indonesia"," IDN"
"161",25.9084,1974," May Average"," Indonesia"," IDN"
"162",25.4422,1974," Jun Average"," Indonesia"," IDN"
"163",25.0777,1974," Jul Average"," Indonesia"," IDN"
"164",25.6527,1974," Aug Average"," Indonesia"," IDN"
"165",25.7907,1974," Sep Average"," Indonesia"," IDN"
"166",26.0596,1974," Oct Average"," Indonesia"," IDN"
"167",25.9352,1974," Nov Average"," Indonesia"," IDN"
"168",25.7433,1974," Dec Average"," Indonesia"," IDN"
"169",25.6688,1975," Jan Average"," Indonesia"," IDN"
"170",25.4727,1975," Feb Average"," Indonesia"," IDN"
"171",25.5722,1975," Mar Average"," Indonesia"," IDN"
"172",26.1106,1975," Apr Average"," Indonesia"," IDN"
"173",25.9235,1975," May Average"," Indonesia"," IDN"
"174",25.5443,1975," Jun Average"," Indonesia"," IDN"
"175",25.3292,1975," Jul Average"," Indonesia"," IDN"
"176",25.7239,1975," Aug Average"," Indonesia"," IDN"
"177",25.6492,1975," Sep Average"," Indonesia"," IDN"
"178",25.8702,1975," Oct Average"," Indonesia"," IDN"
"179",25.6963,1975," Nov Average"," Indonesia"," IDN"
"180",25.5964,1975," Dec Average"," Indonesia"," IDN"
"181",24.8224,1976," Jan Average"," Indonesia"," IDN"
"182",25.1561,1976," Feb Average"," Indonesia"," IDN"
"183",25.4359,1976," Mar Average"," Indonesia"," IDN"
"184",25.6428,1976," Apr Average"," Indonesia"," IDN"
"185",25.9053,1976," May Average"," Indonesia"," IDN"
"186",25.2089,1976," Jun Average"," Indonesia"," IDN"
"187",25.0806,1976," Jul Average"," Indonesia"," IDN"
"188",25.1627,1976," Aug Average"," Indonesia"," IDN"
"189",25.5466,1976," Sep Average"," Indonesia"," IDN"
"190",25.8408,1976," Oct Average"," Indonesia"," IDN"
"191",25.8242,1976," Nov Average"," Indonesia"," IDN"
"192",25.8411,1976," Dec Average"," Indonesia"," IDN"
"193",25.5263,1977," Jan Average"," Indonesia"," IDN"
"194",25.0769,1977," Feb Average"," Indonesia"," IDN"
"195",25.4992,1977," Mar Average"," Indonesia"," IDN"
"196",26.1124,1977," Apr Average"," Indonesia"," IDN"
"197",25.9439,1977," May Average"," Indonesia"," IDN"
"198",25.2642,1977," Jun Average"," Indonesia"," IDN"
"199",25.1666,1977," Jul Average"," Indonesia"," IDN"
"200",25.0567,1977," Aug Average"," Indonesia"," IDN"
"201",25.7237,1977," Sep Average"," Indonesia"," IDN"
"202",26.0808,1977," Oct Average"," Indonesia"," IDN"
"203",25.9789,1977," Nov Average"," Indonesia"," IDN"
"204",25.9428,1977," Dec Average"," Indonesia"," IDN"
"205",25.5823,1978," Jan Average"," Indonesia"," IDN"
"206",25.7012,1978," Feb Average"," Indonesia"," IDN"
"207",25.8876,1978," Mar Average"," Indonesia"," IDN"
"208",26.0473,1978," Apr Average"," Indonesia"," IDN"
"209",26.2802,1978," May Average"," Indonesia"," IDN"
"210",25.6618,1978," Jun Average"," Indonesia"," IDN"
"211",25.3598,1978," Jul Average"," Indonesia"," IDN"
"212",25.5573,1978," Aug Average"," Indonesia"," IDN"
"213",25.5197,1978," Sep Average"," Indonesia"," IDN"
"214",25.9206,1978," Oct Average"," Indonesia"," IDN"
"215",25.6746,1978," Nov Average"," Indonesia"," IDN"
"216",25.6667,1978," Dec Average"," Indonesia"," IDN"
"217",25.7064,1979," Jan Average"," Indonesia"," IDN"
"218",25.9835,1979," Feb Average"," Indonesia"," IDN"
"219",25.8731,1979," Mar Average"," Indonesia"," IDN"
"220",26.0266,1979," Apr Average"," Indonesia"," IDN"
"221",26.2339,1979," May Average"," Indonesia"," IDN"
"222",25.7023,1979," Jun Average"," Indonesia"," IDN"
"223",25.3675,1979," Jul Average"," Indonesia"," IDN"
"224",25.7303,1979," Aug Average"," Indonesia"," IDN"
"225",25.6972,1979," Sep Average"," Indonesia"," IDN"
"226",26.1894,1979," Oct Average"," Indonesia"," IDN"
"227",26.0051,1979," Nov Average"," Indonesia"," IDN"
"228",25.7077,1979," Dec Average"," Indonesia"," IDN"
"229",25.6753,1980," Jan Average"," Indonesia"," IDN"
"230",25.5695,1980," Feb Average"," Indonesia"," IDN"
"231",25.8249,1980," Mar Average"," Indonesia"," IDN"
"232",26.1669,1980," Apr Average"," Indonesia"," IDN"
"233",26.4325,1980," May Average"," Indonesia"," IDN"
"234",25.8516,1980," Jun Average"," Indonesia"," IDN"
"235",25.7048,1980," Jul Average"," Indonesia"," IDN"
"236",25.3153,1980," Aug Average"," Indonesia"," IDN"
"237",25.8665,1980," Sep Average"," Indonesia"," IDN"
"238",26.1858,1980," Oct Average"," Indonesia"," IDN"
"239",26.06,1980," Nov Average"," Indonesia"," IDN"
"240",25.6369,1980," Dec Average"," Indonesia"," IDN"
"241",25.3146,1981," Jan Average"," Indonesia"," IDN"
"242",25.4964,1981," Feb Average"," Indonesia"," IDN"
"243",25.943,1981," Mar Average"," Indonesia"," IDN"
"244",26.0917,1981," Apr Average"," Indonesia"," IDN"
"245",26.3784,1981," May Average"," Indonesia"," IDN"
"246",26.0703,1981," Jun Average"," Indonesia"," IDN"
"247",25.8294,1981," Jul Average"," Indonesia"," IDN"
"248",26.3332,1981," Aug Average"," Indonesia"," IDN"
"249",25.8597,1981," Sep Average"," Indonesia"," IDN"
"250",26.1773,1981," Oct Average"," Indonesia"," IDN"
"251",26.2258,1981," Nov Average"," Indonesia"," IDN"
"252",25.7819,1981," Dec Average"," Indonesia"," IDN"
"253",25.5074,1982," Jan Average"," Indonesia"," IDN"
"254",25.8165,1982," Feb Average"," Indonesia"," IDN"
"255",25.9012,1982," Mar Average"," Indonesia"," IDN"
"256",26.07,1982," Apr Average"," Indonesia"," IDN"
"257",26.0897,1982," May Average"," Indonesia"," IDN"
"258",25.7906,1982," Jun Average"," Indonesia"," IDN"
"259",25.4463,1982," Jul Average"," Indonesia"," IDN"
"260",25.3798,1982," Aug Average"," Indonesia"," IDN"
"261",25.75,1982," Sep Average"," Indonesia"," IDN"
"262",25.8989,1982," Oct Average"," Indonesia"," IDN"
"263",26.3599,1982," Nov Average"," Indonesia"," IDN"
"264",26.3922,1982," Dec Average"," Indonesia"," IDN"
"265",26.0329,1983," Jan Average"," Indonesia"," IDN"
"266",26.4413,1983," Feb Average"," Indonesia"," IDN"
"267",26.646,1983," Mar Average"," Indonesia"," IDN"
"268",26.7545,1983," Apr Average"," Indonesia"," IDN"
"269",26.3201,1983," May Average"," Indonesia"," IDN"
"270",26.1788,1983," Jun Average"," Indonesia"," IDN"
"271",25.5904,1983," Jul Average"," Indonesia"," IDN"
"272",25.7486,1983," Aug Average"," Indonesia"," IDN"
"273",25.8343,1983," Sep Average"," Indonesia"," IDN"
"274",26.2582,1983," Oct Average"," Indonesia"," IDN"
"275",25.9426,1983," Nov Average"," Indonesia"," IDN"
"276",25.6792,1983," Dec Average"," Indonesia"," IDN"
"277",25.2698,1984," Jan Average"," Indonesia"," IDN"
"278",25.1824,1984," Feb Average"," Indonesia"," IDN"
"279",25.6299,1984," Mar Average"," Indonesia"," IDN"
"280",25.8333,1984," Apr Average"," Indonesia"," IDN"
"281",25.816,1984," May Average"," Indonesia"," IDN"
"282",25.4898,1984," Jun Average"," Indonesia"," IDN"
"283",25.1357,1984," Jul Average"," Indonesia"," IDN"
"284",25.6204,1984," Aug Average"," Indonesia"," IDN"
"285",25.3176,1984," Sep Average"," Indonesia"," IDN"
"286",25.8062,1984," Oct Average"," Indonesia"," IDN"
"287",25.8139,1984," Nov Average"," Indonesia"," IDN"
"288",25.71,1984," Dec Average"," Indonesia"," IDN"
"289",25.7909,1985," Jan Average"," Indonesia"," IDN"
"290",25.9712,1985," Feb Average"," Indonesia"," IDN"
"291",25.9113,1985," Mar Average"," Indonesia"," IDN"
"292",26.0266,1985," Apr Average"," Indonesia"," IDN"
"293",26.2538,1985," May Average"," Indonesia"," IDN"
"294",25.7657,1985," Jun Average"," Indonesia"," IDN"
"295",24.996,1985," Jul Average"," Indonesia"," IDN"
"296",25.5696,1985," Aug Average"," Indonesia"," IDN"
"297",25.55,1985," Sep Average"," Indonesia"," IDN"
"298",25.8922,1985," Oct Average"," Indonesia"," IDN"
"299",26.0892,1985," Nov Average"," Indonesia"," IDN"
"300",25.9438,1985," Dec Average"," Indonesia"," IDN"
"301",25.4286,1986," Jan Average"," Indonesia"," IDN"
"302",25.7787,1986," Feb Average"," Indonesia"," IDN"
"303",25.8392,1986," Mar Average"," Indonesia"," IDN"
"304",26.1301,1986," Apr Average"," Indonesia"," IDN"
"305",26.4203,1986," May Average"," Indonesia"," IDN"
"306",26.0152,1986," Jun Average"," Indonesia"," IDN"
"307",25.7309,1986," Jul Average"," Indonesia"," IDN"
"308",25.8058,1986," Aug Average"," Indonesia"," IDN"
"309",25.8977,1986," Sep Average"," Indonesia"," IDN"
"310",26.0446,1986," Oct Average"," Indonesia"," IDN"
"311",25.8879,1986," Nov Average"," Indonesia"," IDN"
"312",26.1184,1986," Dec Average"," Indonesia"," IDN"
"313",25.6052,1987," Jan Average"," Indonesia"," IDN"
"314",25.7466,1987," Feb Average"," Indonesia"," IDN"
"315",26.3357,1987," Mar Average"," Indonesia"," IDN"
"316",26.4925,1987," Apr Average"," Indonesia"," IDN"
"317",26.4823,1987," May Average"," Indonesia"," IDN"
"318",26.4962,1987," Jun Average"," Indonesia"," IDN"
"319",25.9706,1987," Jul Average"," Indonesia"," IDN"
"320",25.7988,1987," Aug Average"," Indonesia"," IDN"
"321",26.1118,1987," Sep Average"," Indonesia"," IDN"
"322",26.485,1987," Oct Average"," Indonesia"," IDN"
"323",26.6068,1987," Nov Average"," Indonesia"," IDN"
"324",26.2209,1987," Dec Average"," Indonesia"," IDN"
"325",26.2138,1988," Jan Average"," Indonesia"," IDN"
"326",26.1459,1988," Feb Average"," Indonesia"," IDN"
"327",26.4389,1988," Mar Average"," Indonesia"," IDN"
"328",26.5654,1988," Apr Average"," Indonesia"," IDN"
"329",26.602,1988," May Average"," Indonesia"," IDN"
"330",25.9194,1988," Jun Average"," Indonesia"," IDN"
"331",25.6477,1988," Jul Average"," Indonesia"," IDN"
"332",25.716,1988," Aug Average"," Indonesia"," IDN"
"333",25.8855,1988," Sep Average"," Indonesia"," IDN"
"334",26.339,1988," Oct Average"," Indonesia"," IDN"
"335",26.0046,1988," Nov Average"," Indonesia"," IDN"
"336",25.489,1988," Dec Average"," Indonesia"," IDN"
"337",25.9903,1989," Jan Average"," Indonesia"," IDN"
"338",25.5545,1989," Feb Average"," Indonesia"," IDN"
"339",25.6372,1989," Mar Average"," Indonesia"," IDN"
"340",26.0835,1989," Apr Average"," Indonesia"," IDN"
"341",26.1589,1989," May Average"," Indonesia"," IDN"
"342",25.6641,1989," Jun Average"," Indonesia"," IDN"
"343",25.7756,1989," Jul Average"," Indonesia"," IDN"
"344",25.6732,1989," Aug Average"," Indonesia"," IDN"
"345",25.8343,1989," Sep Average"," Indonesia"," IDN"
"346",26.0927,1989," Oct Average"," Indonesia"," IDN"
"347",26.1485,1989," Nov Average"," Indonesia"," IDN"
"348",26.1356,1989," Dec Average"," Indonesia"," IDN"
"349",25.6756,1990," Jan Average"," Indonesia"," IDN"
"350",26.1352,1990," Feb Average"," Indonesia"," IDN"
"351",26.3271,1990," Mar Average"," Indonesia"," IDN"
"352",26.6743,1990," Apr Average"," Indonesia"," IDN"
"353",26.509,1990," May Average"," Indonesia"," IDN"
"354",26.1213,1990," Jun Average"," Indonesia"," IDN"
"355",25.6488,1990," Jul Average"," Indonesia"," IDN"
"356",25.911,1990," Aug Average"," Indonesia"," IDN"
"357",25.9124,1990," Sep Average"," Indonesia"," IDN"
"358",26.4219,1990," Oct Average"," Indonesia"," IDN"
"359",26.5266,1990," Nov Average"," Indonesia"," IDN"
"360",26.1894,1990," Dec Average"," Indonesia"," IDN"
"361",25.922,1991," Jan Average"," Indonesia"," IDN"
"362",25.822,1991," Feb Average"," Indonesia"," IDN"
"363",26.2723,1991," Mar Average"," Indonesia"," IDN"
"364",26.4782,1991," Apr Average"," Indonesia"," IDN"
"365",26.2828,1991," May Average"," Indonesia"," IDN"
"366",26.4038,1991," Jun Average"," Indonesia"," IDN"
"367",25.7928,1991," Jul Average"," Indonesia"," IDN"
"368",25.8016,1991," Aug Average"," Indonesia"," IDN"
"369",26.0241,1991," Sep Average"," Indonesia"," IDN"
"370",26.0919,1991," Oct Average"," Indonesia"," IDN"
"371",25.9599,1991," Nov Average"," Indonesia"," IDN"
"372",26.098,1991," Dec Average"," Indonesia"," IDN"
"373",25.8987,1992," Jan Average"," Indonesia"," IDN"
"374",26.1443,1992," Feb Average"," Indonesia"," IDN"
"375",26.6325,1992," Mar Average"," Indonesia"," IDN"
"376",26.4718,1992," Apr Average"," Indonesia"," IDN"
"377",26.458,1992," May Average"," Indonesia"," IDN"
"378",26.1689,1992," Jun Average"," Indonesia"," IDN"
"379",25.5303,1992," Jul Average"," Indonesia"," IDN"
"380",26.0876,1992," Aug Average"," Indonesia"," IDN"
"381",26.1624,1992," Sep Average"," Indonesia"," IDN"
"382",26.0062,1992," Oct Average"," Indonesia"," IDN"
"383",25.8514,1992," Nov Average"," Indonesia"," IDN"
"384",25.8453,1992," Dec Average"," Indonesia"," IDN"
"385",25.7634,1993," Jan Average"," Indonesia"," IDN"
"386",25.7944,1993," Feb Average"," Indonesia"," IDN"
"387",25.938,1993," Mar Average"," Indonesia"," IDN"
"388",26.2053,1993," Apr Average"," Indonesia"," IDN"
"389",26.2895,1993," May Average"," Indonesia"," IDN"
"390",26.235,1993," Jun Average"," Indonesia"," IDN"
"391",25.8403,1993," Jul Average"," Indonesia"," IDN"
"392",25.9428,1993," Aug Average"," Indonesia"," IDN"
"393",25.7695,1993," Sep Average"," Indonesia"," IDN"
"394",26.1909,1993," Oct Average"," Indonesia"," IDN"
"395",26.4334,1993," Nov Average"," Indonesia"," IDN"
"396",26.2452,1993," Dec Average"," Indonesia"," IDN"
"397",26.1691,1994," Jan Average"," Indonesia"," IDN"
"398",26.1661,1994," Feb Average"," Indonesia"," IDN"
"399",25.8484,1994," Mar Average"," Indonesia"," IDN"
"400",26.2593,1994," Apr Average"," Indonesia"," IDN"
"401",26.257,1994," May Average"," Indonesia"," IDN"
"402",25.8771,1994," Jun Average"," Indonesia"," IDN"
"403",25.7112,1994," Jul Average"," Indonesia"," IDN"
"404",25.6437,1994," Aug Average"," Indonesia"," IDN"
"405",26.0021,1994," Sep Average"," Indonesia"," IDN"
"406",26.1858,1994," Oct Average"," Indonesia"," IDN"
"407",26.4135,1994," Nov Average"," Indonesia"," IDN"
"408",26.3233,1994," Dec Average"," Indonesia"," IDN"
"409",26.0306,1995," Jan Average"," Indonesia"," IDN"
"410",25.9151,1995," Feb Average"," Indonesia"," IDN"
"411",26.0508,1995," Mar Average"," Indonesia"," IDN"
"412",26.4326,1995," Apr Average"," Indonesia"," IDN"
"413",26.5561,1995," May Average"," Indonesia"," IDN"
"414",26.2807,1995," Jun Average"," Indonesia"," IDN"
"415",25.8867,1995," Jul Average"," Indonesia"," IDN"
"416",25.7223,1995," Aug Average"," Indonesia"," IDN"
"417",26.1219,1995," Sep Average"," Indonesia"," IDN"
"418",26.3138,1995," Oct Average"," Indonesia"," IDN"
"419",26.316,1995," Nov Average"," Indonesia"," IDN"
"420",25.9224,1995," Dec Average"," Indonesia"," IDN"
"421",25.6379,1996," Jan Average"," Indonesia"," IDN"
"422",25.6981,1996," Feb Average"," Indonesia"," IDN"
"423",26.2014,1996," Mar Average"," Indonesia"," IDN"
"424",26.3668,1996," Apr Average"," Indonesia"," IDN"
"425",26.4687,1996," May Average"," Indonesia"," IDN"
"426",26.2612,1996," Jun Average"," Indonesia"," IDN"
"427",26.0324,1996," Jul Average"," Indonesia"," IDN"
"428",25.8504,1996," Aug Average"," Indonesia"," IDN"
"429",26.3454,1996," Sep Average"," Indonesia"," IDN"
"430",26.2441,1996," Oct Average"," Indonesia"," IDN"
"431",26.4013,1996," Nov Average"," Indonesia"," IDN"
"432",26.0471,1996," Dec Average"," Indonesia"," IDN"
"433",25.7128,1997," Jan Average"," Indonesia"," IDN"
"434",25.8819,1997," Feb Average"," Indonesia"," IDN"
"435",26.3464,1997," Mar Average"," Indonesia"," IDN"
"436",26.263,1997," Apr Average"," Indonesia"," IDN"
"437",26.356,1997," May Average"," Indonesia"," IDN"
"438",26.3734,1997," Jun Average"," Indonesia"," IDN"
"439",25.9329,1997," Jul Average"," Indonesia"," IDN"
"440",26.1448,1997," Aug Average"," Indonesia"," IDN"
"441",26.1145,1997," Sep Average"," Indonesia"," IDN"
"442",26.4084,1997," Oct Average"," Indonesia"," IDN"
"443",26.5523,1997," Nov Average"," Indonesia"," IDN"
"444",26.7557,1997," Dec Average"," Indonesia"," IDN"
"445",26.7202,1998," Jan Average"," Indonesia"," IDN"
"446",27.0469,1998," Feb Average"," Indonesia"," IDN"
"447",27.0381,1998," Mar Average"," Indonesia"," IDN"
"448",27.1319,1998," Apr Average"," Indonesia"," IDN"
"449",27.4413,1998," May Average"," Indonesia"," IDN"
"450",26.565,1998," Jun Average"," Indonesia"," IDN"
"451",26.323,1998," Jul Average"," Indonesia"," IDN"
"452",26.0005,1998," Aug Average"," Indonesia"," IDN"
"453",26.4856,1998," Sep Average"," Indonesia"," IDN"
"454",26.6983,1998," Oct Average"," Indonesia"," IDN"
"455",26.7894,1998," Nov Average"," Indonesia"," IDN"
"456",26.1445,1998," Dec Average"," Indonesia"," IDN"
"457",26.0042,1999," Jan Average"," Indonesia"," IDN"
"458",26.0191,1999," Feb Average"," Indonesia"," IDN"
"459",26.1882,1999," Mar Average"," Indonesia"," IDN"
"460",26.4651,1999," Apr Average"," Indonesia"," IDN"
"461",25.993,1999," May Average"," Indonesia"," IDN"
"462",26.2256,1999," Jun Average"," Indonesia"," IDN"
"463",25.6948,1999," Jul Average"," Indonesia"," IDN"
"464",25.7637,1999," Aug Average"," Indonesia"," IDN"
"465",26.131,1999," Sep Average"," Indonesia"," IDN"
"466",26.1543,1999," Oct Average"," Indonesia"," IDN"
"467",26.4382,1999," Nov Average"," Indonesia"," IDN"
"468",25.8461,1999," Dec Average"," Indonesia"," IDN"
"469",25.8871,2000," Jan Average"," Indonesia"," IDN"
"470",25.8147,2000," Feb Average"," Indonesia"," IDN"
"471",26.2002,2000," Mar Average"," Indonesia"," IDN"
"472",26.2371,2000," Apr Average"," Indonesia"," IDN"
"473",26.5952,2000," May Average"," Indonesia"," IDN"
"474",25.5647,2000," Jun Average"," Indonesia"," IDN"
"475",26.0155,2000," Jul Average"," Indonesia"," IDN"
"476",25.8828,2000," Aug Average"," Indonesia"," IDN"
"477",26.2728,2000," Sep Average"," Indonesia"," IDN"
"478",26.4302,2000," Oct Average"," Indonesia"," IDN"
"479",26.627,2000," Nov Average"," Indonesia"," IDN"
"480",26.2997,2000," Dec Average"," Indonesia"," IDN"
"481",25.8063,2001," Jan Average"," Indonesia"," IDN"
"482",26.0298,2001," Feb Average"," Indonesia"," IDN"
"483",26.1532,2001," Mar Average"," Indonesia"," IDN"
"484",26.444,2001," Apr Average"," Indonesia"," IDN"
"485",26.6533,2001," May Average"," Indonesia"," IDN"
"486",26.1097,2001," Jun Average"," Indonesia"," IDN"
"487",26.1843,2001," Jul Average"," Indonesia"," IDN"
"488",26.2354,2001," Aug Average"," Indonesia"," IDN"
"489",26.2732,2001," Sep Average"," Indonesia"," IDN"
"490",26.4749,2001," Oct Average"," Indonesia"," IDN"
"491",26.4472,2001," Nov Average"," Indonesia"," IDN"
"492",26.2613,2001," Dec Average"," Indonesia"," IDN"
"493",26.1445,2002," Jan Average"," Indonesia"," IDN"
"494",26.0863,2002," Feb Average"," Indonesia"," IDN"
"495",26.4401,2002," Mar Average"," Indonesia"," IDN"
"496",26.6718,2002," Apr Average"," Indonesia"," IDN"
"497",27.0112,2002," May Average"," Indonesia"," IDN"
"498",26.2593,2002," Jun Average"," Indonesia"," IDN"
"499",26.3516,2002," Jul Average"," Indonesia"," IDN"
"500",25.9836,2002," Aug Average"," Indonesia"," IDN"
"501",26.1333,2002," Sep Average"," Indonesia"," IDN"
"502",26.5763,2002," Oct Average"," Indonesia"," IDN"
"503",26.6422,2002," Nov Average"," Indonesia"," IDN"
"504",26.7291,2002," Dec Average"," Indonesia"," IDN"
"505",26.08,2003," Jan Average"," Indonesia"," IDN"
"506",26.2484,2003," Feb Average"," Indonesia"," IDN"
"507",26.1843,2003," Mar Average"," Indonesia"," IDN"
"508",26.5106,2003," Apr Average"," Indonesia"," IDN"
"509",27.0282,2003," May Average"," Indonesia"," IDN"
"510",26.2818,2003," Jun Average"," Indonesia"," IDN"
"511",25.7395,2003," Jul Average"," Indonesia"," IDN"
"512",25.9517,2003," Aug Average"," Indonesia"," IDN"
"513",26.0636,2003," Sep Average"," Indonesia"," IDN"
"514",26.3069,2003," Oct Average"," Indonesia"," IDN"
"515",26.5374,2003," Nov Average"," Indonesia"," IDN"
"516",26.1407,2003," Dec Average"," Indonesia"," IDN"
"517",26.2592,2004," Jan Average"," Indonesia"," IDN"
"518",26.221,2004," Feb Average"," Indonesia"," IDN"
"519",26.5128,2004," Mar Average"," Indonesia"," IDN"
"520",26.9041,2004," Apr Average"," Indonesia"," IDN"
"521",26.6505,2004," May Average"," Indonesia"," IDN"
"522",26.1623,2004," Jun Average"," Indonesia"," IDN"
"523",25.6703,2004," Jul Average"," Indonesia"," IDN"
"524",26.0378,2004," Aug Average"," Indonesia"," IDN"
"525",25.7028,2004," Sep Average"," Indonesia"," IDN"
"526",26.3079,2004," Oct Average"," Indonesia"," IDN"
"527",26.2751,2004," Nov Average"," Indonesia"," IDN"
"528",26.1407,2004," Dec Average"," Indonesia"," IDN"
"529",26.1179,2005," Jan Average"," Indonesia"," IDN"
"530",26.5917,2005," Feb Average"," Indonesia"," IDN"
"531",26.4955,2005," Mar Average"," Indonesia"," IDN"
"532",26.6528,2005," Apr Average"," Indonesia"," IDN"
"533",26.4072,2005," May Average"," Indonesia"," IDN"
"534",26.2382,2005," Jun Average"," Indonesia"," IDN"
"535",26.0625,2005," Jul Average"," Indonesia"," IDN"
"536",26.1977,2005," Aug Average"," Indonesia"," IDN"
"537",26.3025,2005," Sep Average"," Indonesia"," IDN"
"538",26.3244,2005," Oct Average"," Indonesia"," IDN"
"539",26.2487,2005," Nov Average"," Indonesia"," IDN"
"540",25.9143,2005," Dec Average"," Indonesia"," IDN"
"541",25.8618,2006," Jan Average"," Indonesia"," IDN"
"542",26.0914,2006," Feb Average"," Indonesia"," IDN"
"543",26.34,2006," Mar Average"," Indonesia"," IDN"
"544",26.2309,2006," Apr Average"," Indonesia"," IDN"
"545",26.139,2006," May Average"," Indonesia"," IDN"
"546",25.6293,2006," Jun Average"," Indonesia"," IDN"
"547",25.9191,2006," Jul Average"," Indonesia"," IDN"
"548",26.097,2006," Aug Average"," Indonesia"," IDN"
"549",25.7588,2006," Sep Average"," Indonesia"," IDN"
"550",26.3934,2006," Oct Average"," Indonesia"," IDN"
"551",26.4278,2006," Nov Average"," Indonesia"," IDN"
"552",26.5045,2006," Dec Average"," Indonesia"," IDN"
"553",25.9908,2007," Jan Average"," Indonesia"," IDN"
"554",26.0761,2007," Feb Average"," Indonesia"," IDN"
"555",26.2171,2007," Mar Average"," Indonesia"," IDN"
"556",26.4058,2007," Apr Average"," Indonesia"," IDN"
"557",26.6741,2007," May Average"," Indonesia"," IDN"
"558",26.1211,2007," Jun Average"," Indonesia"," IDN"
"559",25.7758,2007," Jul Average"," Indonesia"," IDN"
"560",25.8261,2007," Aug Average"," Indonesia"," IDN"
"561",25.9217,2007," Sep Average"," Indonesia"," IDN"
"562",26.4872,2007," Oct Average"," Indonesia"," IDN"
"563",26.1071,2007," Nov Average"," Indonesia"," IDN"
"564",26.0463,2007," Dec Average"," Indonesia"," IDN"
"565",26.033,2008," Jan Average"," Indonesia"," IDN"
"566",25.7606,2008," Feb Average"," Indonesia"," IDN"
"567",25.6627,2008," Mar Average"," Indonesia"," IDN"
"568",25.9887,2008," Apr Average"," Indonesia"," IDN"
"569",26.2862,2008," May Average"," Indonesia"," IDN"
"570",25.8421,2008," Jun Average"," Indonesia"," IDN"
"571",25.4451,2008," Jul Average"," Indonesia"," IDN"
"572",25.8118,2008," Aug Average"," Indonesia"," IDN"
"573",26.0801,2008," Sep Average"," Indonesia"," IDN"
"574",26.4797,2008," Oct Average"," Indonesia"," IDN"
"575",26.4117,2008," Nov Average"," Indonesia"," IDN"
"576",26.2618,2008," Dec Average"," Indonesia"," IDN"
"577",25.7772,2009," Jan Average"," Indonesia"," IDN"
"578",25.7817,2009," Feb Average"," Indonesia"," IDN"
"579",25.958,2009," Mar Average"," Indonesia"," IDN"
"580",26.7217,2009," Apr Average"," Indonesia"," IDN"
"581",26.5502,2009," May Average"," Indonesia"," IDN"
"582",26.3983,2009," Jun Average"," Indonesia"," IDN"
"583",26.1034,2009," Jul Average"," Indonesia"," IDN"
"584",26.146,2009," Aug Average"," Indonesia"," IDN"
"585",26.596,2009," Sep Average"," Indonesia"," IDN"
"586",26.6273,2009," Oct Average"," Indonesia"," IDN"
"587",26.6877,2009," Nov Average"," Indonesia"," IDN"
"588",26.4703,2009," Dec Average"," Indonesia"," IDN"
"589",26.0925,2010," Jan Average"," Indonesia"," IDN"
"590",26.6103,2010," Feb Average"," Indonesia"," IDN"
"591",26.6577,2010," Mar Average"," Indonesia"," IDN"
"592",26.8081,2010," Apr Average"," Indonesia"," IDN"
"593",26.9744,2010," May Average"," Indonesia"," IDN"
"594",26.4764,2010," Jun Average"," Indonesia"," IDN"
"595",25.9426,2010," Jul Average"," Indonesia"," IDN"
"596",26.1792,2010," Aug Average"," Indonesia"," IDN"
"597",26.3379,2010," Sep Average"," Indonesia"," IDN"
"598",26.4788,2010," Oct Average"," Indonesia"," IDN"
"599",26.424,2010," Nov Average"," Indonesia"," IDN"
"600",26.131,2010," Dec Average"," Indonesia"," IDN"
"601",25.8354,2011," Jan Average"," Indonesia"," IDN"
"602",25.9172,2011," Feb Average"," Indonesia"," IDN"
"603",26.1868,2011," Mar Average"," Indonesia"," IDN"
"604",26.4147,2011," Apr Average"," Indonesia"," IDN"
"605",26.2142,2011," May Average"," Indonesia"," IDN"
"606",26.0326,2011," Jun Average"," Indonesia"," IDN"
"607",25.9881,2011," Jul Average"," Indonesia"," IDN"
"608",25.8631,2011," Aug Average"," Indonesia"," IDN"
"609",26.104,2011," Sep Average"," Indonesia"," IDN"
"610",26.3972,2011," Oct Average"," Indonesia"," IDN"
"611",26.5333,2011," Nov Average"," Indonesia"," IDN"
"612",26.5105,2011," Dec Average"," Indonesia"," IDN"
"613",26.203,2012," Jan Average"," Indonesia"," IDN"
"614",26.3567,2012," Feb Average"," Indonesia"," IDN"
"615",26.2156,2012," Mar Average"," Indonesia"," IDN"
"616",26.4839,2012," Apr Average"," Indonesia"," IDN"
"617",26.6149,2012," May Average"," Indonesia"," IDN"
"618",26.3431,2012," Jun Average"," Indonesia"," IDN"
"619",25.6763,2012," Jul Average"," Indonesia"," IDN"
"620",25.9398,2012," Aug Average"," Indonesia"," IDN"
"621",26.3573,2012," Sep Average"," Indonesia"," IDN"
"622",26.66,2012," Oct Average"," Indonesia"," IDN"
"623",26.6037,2012," Nov Average"," Indonesia"," IDN"
"624",26.546,2012," Dec Average"," Indonesia"," IDN"
"625",26.3733,2013," Jan Average"," Indonesia"," IDN"
"626",26.2532,2013," Feb Average"," Indonesia"," IDN"
"627",26.7067,2013," Mar Average"," Indonesia"," IDN"
"628",26.65,2013," Apr Average"," Indonesia"," IDN"
"629",26.7903,2013," May Average"," Indonesia"," IDN"
"630",26.7821,2013," Jun Average"," Indonesia"," IDN"
"631",26.0773,2013," Jul Average"," Indonesia"," IDN"
"632",26.074,2013," Aug Average"," Indonesia"," IDN"
"633",26.1239,2013," Sep Average"," Indonesia"," IDN"
"634",26.5763,2013," Oct Average"," Indonesia"," IDN"
"635",26.3509,2013," Nov Average"," Indonesia"," IDN"
"636",26.3686,2013," Dec Average"," Indonesia"," IDN"
"637",25.6009,2014," Jan Average"," Indonesia"," IDN"
"638",26.0123,2014," Feb Average"," Indonesia"," IDN"
"639",26.4182,2014," Mar Average"," Indonesia"," IDN"
"640",26.8454,2014," Apr Average"," Indonesia"," IDN"
"641",26.6872,2014," May Average"," Indonesia"," IDN"
"642",26.734,2014," Jun Average"," Indonesia"," IDN"
"643",26.0933,2014," Jul Average"," Indonesia"," IDN"
"644",25.8123,2014," Aug Average"," Indonesia"," IDN"
"645",26.347,2014," Sep Average"," Indonesia"," IDN"
"646",26.6925,2014," Oct Average"," Indonesia"," IDN"
"647",26.8099,2014," Nov Average"," Indonesia"," IDN"
"648",26.4952,2014," Dec Average"," Indonesia"," IDN"
"649",25.8829,2015," Jan Average"," Indonesia"," IDN"
"650",26.0899,2015," Feb Average"," Indonesia"," IDN"
"651",26.3919,2015," Mar Average"," Indonesia"," IDN"
"652",26.84,2015," Apr Average"," Indonesia"," IDN"
"653",26.8103,2015," May Average"," Indonesia"," IDN"
"654",26.6382,2015," Jun Average"," Indonesia"," IDN"
"655",26.2856,2015," Jul Average"," Indonesia"," IDN"
"656",26.0917,2015," Aug Average"," Indonesia"," IDN"
"657",26.4075,2015," Sep Average"," Indonesia"," IDN"
"658",26.8818,2015," Oct Average"," Indonesia"," IDN"
"659",26.8451,2015," Nov Average"," Indonesia"," IDN"
"660",26.7729,2015," Dec Average"," Indonesia"," IDN"
"661",26.9007,2016," Jan Average"," Indonesia"," IDN"
"662",26.6521,2016," Feb Average"," Indonesia"," IDN"
"663",27.1355,2016," Mar Average"," Indonesia"," IDN"
"664",27.4218,2016," Apr Average"," Indonesia"," IDN"
"665",27.2184,2016," May Average"," Indonesia"," IDN"
"666",26.6709,2016," Jun Average"," Indonesia"," IDN"
"667",26.233,2016," Jul Average"," Indonesia"," IDN"
"668",26.5444,2016," Aug Average"," Indonesia"," IDN"
"669",26.5721,2016," Sep Average"," Indonesia"," IDN"
"670",26.6892,2016," Oct Average"," Indonesia"," IDN"
"671",26.5876,2016," Nov Average"," Indonesia"," IDN"
"672",26.6843,2016," Dec Average"," Indonesia"," IDN"
