"X","Temperature....Celsius.","Year","Statistics","Country","ISO3"
1,-27.183,1961," Jan Average"," Russia"," RUS"
2,-22.6,1961," Feb Average"," Russia"," RUS"
3,-15.074,1961," Mar Average"," Russia"," RUS"
4,-7.2277,1961," Apr Average"," Russia"," RUS"
5,2.45741,1961," May Average"," Russia"," RUS"
6,10.6099,1961," Jun Average"," Russia"," RUS"
7,14.5858,1961," Jul Average"," Russia"," RUS"
8,11.6628,1961," Aug Average"," Russia"," RUS"
9,5.77884,1961," Sep Average"," Russia"," RUS"
10,-5.7358,1961," Oct Average"," Russia"," RUS"
11,-17.337,1961," Nov Average"," Russia"," RUS"
12,-24.696,1961," Dec Average"," Russia"," RUS"
13,-23.124,1962," Jan Average"," Russia"," RUS"
14,-21.011,1962," Feb Average"," Russia"," RUS"
15,-16.37,1962," Mar Average"," Russia"," RUS"
16,-5.1207,1962," Apr Average"," Russia"," RUS"
17,3.68899,1962," May Average"," Russia"," RUS"
18,10.124,1962," Jun Average"," Russia"," RUS"
19,15.0821,1962," Jul Average"," Russia"," RUS"
20,11.8004,1962," Aug Average"," Russia"," RUS"
21,5.37385,1962," Sep Average"," Russia"," RUS"
22,-5.5281,1962," Oct Average"," Russia"," RUS"
23,-18.038,1962," Nov Average"," Russia"," RUS"
24,-24.372,1962," Dec Average"," Russia"," RUS"
25,-25.314,1963," Jan Average"," Russia"," RUS"
26,-21.936,1963," Feb Average"," Russia"," RUS"
27,-18.714,1963," Mar Average"," Russia"," RUS"
28,-8.3531,1963," Apr Average"," Russia"," RUS"
29,2.18322,1963," May Average"," Russia"," RUS"
30,9.98705,1963," Jun Average"," Russia"," RUS"
31,14.6432,1963," Jul Average"," Russia"," RUS"
32,12.1414,1963," Aug Average"," Russia"," RUS"
33,5.51048,1963," Sep Average"," Russia"," RUS"
34,-4.2525,1963," Oct Average"," Russia"," RUS"
35,-16.095,1963," Nov Average"," Russia"," RUS"
36,-24.382,1963," Dec Average"," Russia"," RUS"
37,-26.766,1964," Jan Average"," Russia"," RUS"
38,-24.659,1964," Feb Average"," Russia"," RUS"
39,-19.736,1964," Mar Average"," Russia"," RUS"
40,-9.679,1964," Apr Average"," Russia"," RUS"
41,2.08452,1964," May Average"," Russia"," RUS"
42,10.8914,1964," Jun Average"," Russia"," RUS"
43,14.8804,1964," Jul Average"," Russia"," RUS"
44,11.9567,1964," Aug Average"," Russia"," RUS"
45,5.24115,1964," Sep Average"," Russia"," RUS"
46,-5.9011,1964," Oct Average"," Russia"," RUS"
47,-18.419,1964," Nov Average"," Russia"," RUS"
48,-23.645,1964," Dec Average"," Russia"," RUS"
49,-27.499,1965," Jan Average"," Russia"," RUS"
50,-26.974,1965," Feb Average"," Russia"," RUS"
51,-16.212,1965," Mar Average"," Russia"," RUS"
52,-7.5188,1965," Apr Average"," Russia"," RUS"
53,1.87391,1965," May Average"," Russia"," RUS"
54,10.2763,1965," Jun Average"," Russia"," RUS"
55,14.7004,1965," Jul Average"," Russia"," RUS"
56,11.6621,1965," Aug Average"," Russia"," RUS"
57,5.59427,1965," Sep Average"," Russia"," RUS"
58,-5.151,1965," Oct Average"," Russia"," RUS"
59,-20.761,1965," Nov Average"," Russia"," RUS"
60,-25.812,1965," Dec Average"," Russia"," RUS"
61,-28.918,1966," Jan Average"," Russia"," RUS"
62,-29.972,1966," Feb Average"," Russia"," RUS"
63,-19.327,1966," Mar Average"," Russia"," RUS"
64,-8.9863,1966," Apr Average"," Russia"," RUS"
65,3.02707,1966," May Average"," Russia"," RUS"
66,10.6544,1966," Jun Average"," Russia"," RUS"
67,14.1341,1966," Jul Average"," Russia"," RUS"
68,12.1715,1966," Aug Average"," Russia"," RUS"
69,5.83873,1966," Sep Average"," Russia"," RUS"
70,-6.3309,1966," Oct Average"," Russia"," RUS"
71,-18.083,1966," Nov Average"," Russia"," RUS"
72,-25.464,1966," Dec Average"," Russia"," RUS"
73,-27.776,1967," Jan Average"," Russia"," RUS"
74,-25.481,1967," Feb Average"," Russia"," RUS"
75,-14.705,1967," Mar Average"," Russia"," RUS"
76,-5.0686,1967," Apr Average"," Russia"," RUS"
77,3.9913,1967," May Average"," Russia"," RUS"
78,11.2541,1967," Jun Average"," Russia"," RUS"
79,15.4138,1967," Jul Average"," Russia"," RUS"
80,11.7586,1967," Aug Average"," Russia"," RUS"
81,5.06965,1967," Sep Average"," Russia"," RUS"
82,-1.6122,1967," Oct Average"," Russia"," RUS"
83,-15.631,1967," Nov Average"," Russia"," RUS"
84,-22.526,1967," Dec Average"," Russia"," RUS"
85,-27.58,1968," Jan Average"," Russia"," RUS"
86,-22.589,1968," Feb Average"," Russia"," RUS"
87,-12.694,1968," Mar Average"," Russia"," RUS"
88,-5.7557,1968," Apr Average"," Russia"," RUS"
89,3.1813,1968," May Average"," Russia"," RUS"
90,10.1683,1968," Jun Average"," Russia"," RUS"
91,14.0384,1968," Jul Average"," Russia"," RUS"
92,11.8323,1968," Aug Average"," Russia"," RUS"
93,4.35875,1968," Sep Average"," Russia"," RUS"
94,-6.0439,1968," Oct Average"," Russia"," RUS"
95,-22.024,1968," Nov Average"," Russia"," RUS"
96,-28.683,1968," Dec Average"," Russia"," RUS"
97,-30.725,1969," Jan Average"," Russia"," RUS"
98,-31.163,1969," Feb Average"," Russia"," RUS"
99,-19.912,1969," Mar Average"," Russia"," RUS"
100,-8.1766,1969," Apr Average"," Russia"," RUS"
101,1.17401,1969," May Average"," Russia"," RUS"
102,10.1499,1969," Jun Average"," Russia"," RUS"
103,15.4031,1969," Jul Average"," Russia"," RUS"
104,11.9213,1969," Aug Average"," Russia"," RUS"
105,4.70385,1969," Sep Average"," Russia"," RUS"
106,-6.1655,1969," Oct Average"," Russia"," RUS"
107,-16.197,1969," Nov Average"," Russia"," RUS"
108,-24.679,1969," Dec Average"," Russia"," RUS"
109,-27.195,1970," Jan Average"," Russia"," RUS"
110,-24.791,1970," Feb Average"," Russia"," RUS"
111,-17.159,1970," Mar Average"," Russia"," RUS"
112,-7.2555,1970," Apr Average"," Russia"," RUS"
113,1.82057,1970," May Average"," Russia"," RUS"
114,10.4037,1970," Jun Average"," Russia"," RUS"
115,15.2632,1970," Jul Average"," Russia"," RUS"
116,10.7419,1970," Aug Average"," Russia"," RUS"
117,6.35212,1970," Sep Average"," Russia"," RUS"
118,-6.4352,1970," Oct Average"," Russia"," RUS"
119,-17.832,1970," Nov Average"," Russia"," RUS"
120,-24.311,1970," Dec Average"," Russia"," RUS"
121,-24.917,1971," Jan Average"," Russia"," RUS"
122,-27.526,1971," Feb Average"," Russia"," RUS"
123,-18.45,1971," Mar Average"," Russia"," RUS"
124,-7.9248,1971," Apr Average"," Russia"," RUS"
125,2.88096,1971," May Average"," Russia"," RUS"
126,10.6159,1971," Jun Average"," Russia"," RUS"
127,14.8109,1971," Jul Average"," Russia"," RUS"
128,12.4472,1971," Aug Average"," Russia"," RUS"
129,6.46087,1971," Sep Average"," Russia"," RUS"
130,-4.6762,1971," Oct Average"," Russia"," RUS"
131,-14.261,1971," Nov Average"," Russia"," RUS"
132,-23.202,1971," Dec Average"," Russia"," RUS"
133,-30.365,1972," Jan Average"," Russia"," RUS"
134,-23.88,1972," Feb Average"," Russia"," RUS"
135,-17.385,1972," Mar Average"," Russia"," RUS"
136,-5.4837,1972," Apr Average"," Russia"," RUS"
137,1.77693,1972," May Average"," Russia"," RUS"
138,10.5331,1972," Jun Average"," Russia"," RUS"
139,14.4402,1972," Jul Average"," Russia"," RUS"
140,11.8972,1972," Aug Average"," Russia"," RUS"
141,4.31789,1972," Sep Average"," Russia"," RUS"
142,-4.7756,1972," Oct Average"," Russia"," RUS"
143,-20.517,1972," Nov Average"," Russia"," RUS"
144,-23.098,1972," Dec Average"," Russia"," RUS"
145,-27.358,1973," Jan Average"," Russia"," RUS"
146,-22.737,1973," Feb Average"," Russia"," RUS"
147,-16.454,1973," Mar Average"," Russia"," RUS"
148,-6.6535,1973," Apr Average"," Russia"," RUS"
149,3.22062,1973," May Average"," Russia"," RUS"
150,11.4865,1973," Jun Average"," Russia"," RUS"
151,14.4324,1973," Jul Average"," Russia"," RUS"
152,12.2393,1973," Aug Average"," Russia"," RUS"
153,5.21546,1973," Sep Average"," Russia"," RUS"
154,-5.7807,1973," Oct Average"," Russia"," RUS"
155,-16.811,1973," Nov Average"," Russia"," RUS"
156,-23.137,1973," Dec Average"," Russia"," RUS"
157,-28.677,1974," Jan Average"," Russia"," RUS"
158,-26.737,1974," Feb Average"," Russia"," RUS"
159,-15.716,1974," Mar Average"," Russia"," RUS"
160,-6.5146,1974," Apr Average"," Russia"," RUS"
161,2.29694,1974," May Average"," Russia"," RUS"
162,10.5135,1974," Jun Average"," Russia"," RUS"
163,15.1116,1974," Jul Average"," Russia"," RUS"
164,12.5135,1974," Aug Average"," Russia"," RUS"
165,6.43721,1974," Sep Average"," Russia"," RUS"
166,-6.1516,1974," Oct Average"," Russia"," RUS"
167,-20.634,1974," Nov Average"," Russia"," RUS"
168,-24.919,1974," Dec Average"," Russia"," RUS"
169,-24.32,1975," Jan Average"," Russia"," RUS"
170,-23.781,1975," Feb Average"," Russia"," RUS"
171,-14.288,1975," Mar Average"," Russia"," RUS"
172,-4.9958,1975," Apr Average"," Russia"," RUS"
173,3.76141,1975," May Average"," Russia"," RUS"
174,11.551,1975," Jun Average"," Russia"," RUS"
175,14.5129,1975," Jul Average"," Russia"," RUS"
176,11.6358,1975," Aug Average"," Russia"," RUS"
177,6.27263,1975," Sep Average"," Russia"," RUS"
178,-4.9481,1975," Oct Average"," Russia"," RUS"
179,-16.845,1975," Nov Average"," Russia"," RUS"
180,-21.98,1975," Dec Average"," Russia"," RUS"
181,-25.217,1976," Jan Average"," Russia"," RUS"
182,-26.732,1976," Feb Average"," Russia"," RUS"
183,-18.33,1976," Mar Average"," Russia"," RUS"
184,-5.6587,1976," Apr Average"," Russia"," RUS"
185,2.04469,1976," May Average"," Russia"," RUS"
186,10.6276,1976," Jun Average"," Russia"," RUS"
187,13.8481,1976," Jul Average"," Russia"," RUS"
188,11.7455,1976," Aug Average"," Russia"," RUS"
189,5.60303,1976," Sep Average"," Russia"," RUS"
190,-8.7478,1976," Oct Average"," Russia"," RUS"
191,-18.452,1976," Nov Average"," Russia"," RUS"
192,-25.839,1976," Dec Average"," Russia"," RUS"
193,-28.339,1977," Jan Average"," Russia"," RUS"
194,-27.809,1977," Feb Average"," Russia"," RUS"
195,-18.159,1977," Mar Average"," Russia"," RUS"
196,-5.2395,1977," Apr Average"," Russia"," RUS"
197,4.2924,1977," May Average"," Russia"," RUS"
198,12.0314,1977," Jun Average"," Russia"," RUS"
199,14.4068,1977," Jul Average"," Russia"," RUS"
200,11.4009,1977," Aug Average"," Russia"," RUS"
201,5.12173,1977," Sep Average"," Russia"," RUS"
202,-8.1497,1977," Oct Average"," Russia"," RUS"
203,-15.87,1977," Nov Average"," Russia"," RUS"
204,-24.879,1977," Dec Average"," Russia"," RUS"
205,-26.04,1978," Jan Average"," Russia"," RUS"
206,-24.272,1978," Feb Average"," Russia"," RUS"
207,-15.879,1978," Mar Average"," Russia"," RUS"
208,-7.1176,1978," Apr Average"," Russia"," RUS"
209,1.66796,1978," May Average"," Russia"," RUS"
210,10.1616,1978," Jun Average"," Russia"," RUS"
211,13.94,1978," Jul Average"," Russia"," RUS"
212,11.3205,1978," Aug Average"," Russia"," RUS"
213,5.11687,1978," Sep Average"," Russia"," RUS"
214,-4.3483,1978," Oct Average"," Russia"," RUS"
215,-13.468,1978," Nov Average"," Russia"," RUS"
216,-27.811,1978," Dec Average"," Russia"," RUS"
217,-30,1979," Jan Average"," Russia"," RUS"
218,-26.514,1979," Feb Average"," Russia"," RUS"
219,-17.774,1979," Mar Average"," Russia"," RUS"
220,-9.4566,1979," Apr Average"," Russia"," RUS"
221,3.48761,1979," May Average"," Russia"," RUS"
222,10.9032,1979," Jun Average"," Russia"," RUS"
223,14.4899,1979," Jul Average"," Russia"," RUS"
224,11.4815,1979," Aug Average"," Russia"," RUS"
225,5.55817,1979," Sep Average"," Russia"," RUS"
226,-6.7554,1979," Oct Average"," Russia"," RUS"
227,-18.219,1979," Nov Average"," Russia"," RUS"
228,-22.673,1979," Dec Average"," Russia"," RUS"
229,-27.457,1980," Jan Average"," Russia"," RUS"
230,-24.346,1980," Feb Average"," Russia"," RUS"
231,-18.791,1980," Mar Average"," Russia"," RUS"
232,-7.9098,1980," Apr Average"," Russia"," RUS"
233,2.23549,1980," May Average"," Russia"," RUS"
234,11.0489,1980," Jun Average"," Russia"," RUS"
235,14.4782,1980," Jul Average"," Russia"," RUS"
236,12.2444,1980," Aug Average"," Russia"," RUS"
237,5.83988,1980," Sep Average"," Russia"," RUS"
238,-4.7116,1980," Oct Average"," Russia"," RUS"
239,-18.766,1980," Nov Average"," Russia"," RUS"
240,-22.064,1980," Dec Average"," Russia"," RUS"
241,-22.302,1981," Jan Average"," Russia"," RUS"
242,-22.858,1981," Feb Average"," Russia"," RUS"
243,-17.215,1981," Mar Average"," Russia"," RUS"
244,-5.5378,1981," Apr Average"," Russia"," RUS"
245,3.11599,1981," May Average"," Russia"," RUS"
246,11.9883,1981," Jun Average"," Russia"," RUS"
247,14.6788,1981," Jul Average"," Russia"," RUS"
248,12.8667,1981," Aug Average"," Russia"," RUS"
249,5.22858,1981," Sep Average"," Russia"," RUS"
250,-4.3394,1981," Oct Average"," Russia"," RUS"
251,-16.375,1981," Nov Average"," Russia"," RUS"
252,-21.773,1981," Dec Average"," Russia"," RUS"
253,-28.597,1982," Jan Average"," Russia"," RUS"
254,-22.631,1982," Feb Average"," Russia"," RUS"
255,-18.554,1982," Mar Average"," Russia"," RUS"
256,-4.5179,1982," Apr Average"," Russia"," RUS"
257,2.79909,1982," May Average"," Russia"," RUS"
258,10.3689,1982," Jun Average"," Russia"," RUS"
259,14.8513,1982," Jul Average"," Russia"," RUS"
260,11.8125,1982," Aug Average"," Russia"," RUS"
261,5.55842,1982," Sep Average"," Russia"," RUS"
262,-7.4595,1982," Oct Average"," Russia"," RUS"
263,-18.053,1982," Nov Average"," Russia"," RUS"
264,-21.536,1982," Dec Average"," Russia"," RUS"
265,-23.03,1983," Jan Average"," Russia"," RUS"
266,-23.084,1983," Feb Average"," Russia"," RUS"
267,-14.885,1983," Mar Average"," Russia"," RUS"
268,-7.2638,1983," Apr Average"," Russia"," RUS"
269,2.45886,1983," May Average"," Russia"," RUS"
270,10.8864,1983," Jun Average"," Russia"," RUS"
271,14.6147,1983," Jul Average"," Russia"," RUS"
272,12.5131,1983," Aug Average"," Russia"," RUS"
273,6.36008,1983," Sep Average"," Russia"," RUS"
274,-4.5452,1983," Oct Average"," Russia"," RUS"
275,-14.732,1983," Nov Average"," Russia"," RUS"
276,-20.914,1983," Dec Average"," Russia"," RUS"
277,-23.023,1984," Jan Average"," Russia"," RUS"
278,-24.971,1984," Feb Average"," Russia"," RUS"
279,-16.385,1984," Mar Average"," Russia"," RUS"
280,-9.051,1984," Apr Average"," Russia"," RUS"
281,4.39014,1984," May Average"," Russia"," RUS"
282,11.3846,1984," Jun Average"," Russia"," RUS"
283,15.1648,1984," Jul Average"," Russia"," RUS"
284,11.4315,1984," Aug Average"," Russia"," RUS"
285,5.68868,1984," Sep Average"," Russia"," RUS"
286,-5.511,1984," Oct Average"," Russia"," RUS"
287,-19.702,1984," Nov Average"," Russia"," RUS"
288,-25.878,1984," Dec Average"," Russia"," RUS"
289,-28.582,1985," Jan Average"," Russia"," RUS"
290,-26.81,1985," Feb Average"," Russia"," RUS"
291,-17.611,1985," Mar Average"," Russia"," RUS"
292,-6.7724,1985," Apr Average"," Russia"," RUS"
293,1.91424,1985," May Average"," Russia"," RUS"
294,11.2284,1985," Jun Average"," Russia"," RUS"
295,13.8126,1985," Jul Average"," Russia"," RUS"
296,12.0764,1985," Aug Average"," Russia"," RUS"
297,5.73591,1985," Sep Average"," Russia"," RUS"
298,-4.6523,1985," Oct Average"," Russia"," RUS"
299,-15.845,1985," Nov Average"," Russia"," RUS"
300,-24.332,1985," Dec Average"," Russia"," RUS"
301,-26.501,1986," Jan Average"," Russia"," RUS"
302,-23.519,1986," Feb Average"," Russia"," RUS"
303,-15.732,1986," Mar Average"," Russia"," RUS"
304,-6.1309,1986," Apr Average"," Russia"," RUS"
305,2.24618,1986," May Average"," Russia"," RUS"
306,11.3632,1986," Jun Average"," Russia"," RUS"
307,14.6498,1986," Jul Average"," Russia"," RUS"
308,11.697,1986," Aug Average"," Russia"," RUS"
309,4.93978,1986," Sep Average"," Russia"," RUS"
310,-4.1714,1986," Oct Average"," Russia"," RUS"
311,-15.11,1986," Nov Average"," Russia"," RUS"
312,-25.841,1986," Dec Average"," Russia"," RUS"
313,-29.592,1987," Jan Average"," Russia"," RUS"
314,-24.597,1987," Feb Average"," Russia"," RUS"
315,-18.221,1987," Mar Average"," Russia"," RUS"
316,-8.5106,1987," Apr Average"," Russia"," RUS"
317,2.7483,1987," May Average"," Russia"," RUS"
318,9.93802,1987," Jun Average"," Russia"," RUS"
319,14.616,1987," Jul Average"," Russia"," RUS"
320,12.0574,1987," Aug Average"," Russia"," RUS"
321,4.90521,1987," Sep Average"," Russia"," RUS"
322,-5.2512,1987," Oct Average"," Russia"," RUS"
323,-21.499,1987," Nov Average"," Russia"," RUS"
324,-25.703,1987," Dec Average"," Russia"," RUS"
325,-25.216,1988," Jan Average"," Russia"," RUS"
326,-24.781,1988," Feb Average"," Russia"," RUS"
327,-16.339,1988," Mar Average"," Russia"," RUS"
328,-7.0688,1988," Apr Average"," Russia"," RUS"
329,3.18282,1988," May Average"," Russia"," RUS"
330,11.6508,1988," Jun Average"," Russia"," RUS"
331,15.6771,1988," Jul Average"," Russia"," RUS"
332,12.1557,1988," Aug Average"," Russia"," RUS"
333,6.60803,1988," Sep Average"," Russia"," RUS"
334,-3.6587,1988," Oct Average"," Russia"," RUS"
335,-16.605,1988," Nov Average"," Russia"," RUS"
336,-20.864,1988," Dec Average"," Russia"," RUS"
337,-26.06,1989," Jan Average"," Russia"," RUS"
338,-19.389,1989," Feb Average"," Russia"," RUS"
339,-12.579,1989," Mar Average"," Russia"," RUS"
340,-7.2256,1989," Apr Average"," Russia"," RUS"
341,3.90142,1989," May Average"," Russia"," RUS"
342,11.4886,1989," Jun Average"," Russia"," RUS"
343,14.6785,1989," Jul Average"," Russia"," RUS"
344,11.8333,1989," Aug Average"," Russia"," RUS"
345,5.46293,1989," Sep Average"," Russia"," RUS"
346,-4.7517,1989," Oct Average"," Russia"," RUS"
347,-17.679,1989," Nov Average"," Russia"," RUS"
348,-22.456,1989," Dec Average"," Russia"," RUS"
349,-28.489,1990," Jan Average"," Russia"," RUS"
350,-22.712,1990," Feb Average"," Russia"," RUS"
351,-11.143,1990," Mar Average"," Russia"," RUS"
352,-3.8582,1990," Apr Average"," Russia"," RUS"
353,4.5953,1990," May Average"," Russia"," RUS"
354,11.9846,1990," Jun Average"," Russia"," RUS"
355,15.2451,1990," Jul Average"," Russia"," RUS"
356,12.4869,1990," Aug Average"," Russia"," RUS"
357,4.88011,1990," Sep Average"," Russia"," RUS"
358,-4.2212,1990," Oct Average"," Russia"," RUS"
359,-18.013,1990," Nov Average"," Russia"," RUS"
360,-22.956,1990," Dec Average"," Russia"," RUS"
361,-24.513,1991," Jan Average"," Russia"," RUS"
362,-24.738,1991," Feb Average"," Russia"," RUS"
363,-18.39,1991," Mar Average"," Russia"," RUS"
364,-4.8511,1991," Apr Average"," Russia"," RUS"
365,4.02237,1991," May Average"," Russia"," RUS"
366,11.9564,1991," Jun Average"," Russia"," RUS"
367,15.9513,1991," Jul Average"," Russia"," RUS"
368,12.6317,1991," Aug Average"," Russia"," RUS"
369,6.44098,1991," Sep Average"," Russia"," RUS"
370,-3.6118,1991," Oct Average"," Russia"," RUS"
371,-15.076,1991," Nov Average"," Russia"," RUS"
372,-24.673,1991," Dec Average"," Russia"," RUS"
373,-24.042,1992," Jan Average"," Russia"," RUS"
374,-21.731,1992," Feb Average"," Russia"," RUS"
375,-15.813,1992," Mar Average"," Russia"," RUS"
376,-8.0402,1992," Apr Average"," Russia"," RUS"
377,4.06736,1992," May Average"," Russia"," RUS"
378,10.0675,1992," Jun Average"," Russia"," RUS"
379,14.1514,1992," Jul Average"," Russia"," RUS"
380,11.6855,1992," Aug Average"," Russia"," RUS"
381,4.53386,1992," Sep Average"," Russia"," RUS"
382,-6.1596,1992," Oct Average"," Russia"," RUS"
383,-19.753,1992," Nov Average"," Russia"," RUS"
384,-22.295,1992," Dec Average"," Russia"," RUS"
385,-23.498,1993," Jan Average"," Russia"," RUS"
386,-20.934,1993," Feb Average"," Russia"," RUS"
387,-14.471,1993," Mar Average"," Russia"," RUS"
388,-6.9357,1993," Apr Average"," Russia"," RUS"
389,3.06022,1993," May Average"," Russia"," RUS"
390,11.2984,1993," Jun Average"," Russia"," RUS"
391,15.2348,1993," Jul Average"," Russia"," RUS"
392,11.7908,1993," Aug Average"," Russia"," RUS"
393,4.59466,1993," Sep Average"," Russia"," RUS"
394,-5.3005,1993," Oct Average"," Russia"," RUS"
395,-18.653,1993," Nov Average"," Russia"," RUS"
396,-24.743,1993," Dec Average"," Russia"," RUS"
397,-26.907,1994," Jan Average"," Russia"," RUS"
398,-25.735,1994," Feb Average"," Russia"," RUS"
399,-15.948,1994," Mar Average"," Russia"," RUS"
400,-5.9572,1994," Apr Average"," Russia"," RUS"
401,2.67539,1994," May Average"," Russia"," RUS"
402,11.6938,1994," Jun Average"," Russia"," RUS"
403,14.7412,1994," Jul Average"," Russia"," RUS"
404,11.6694,1994," Aug Average"," Russia"," RUS"
405,6.21574,1994," Sep Average"," Russia"," RUS"
406,-2.7565,1994," Oct Average"," Russia"," RUS"
407,-17.841,1994," Nov Average"," Russia"," RUS"
408,-25.051,1994," Dec Average"," Russia"," RUS"
409,-23.132,1995," Jan Average"," Russia"," RUS"
410,-17.913,1995," Feb Average"," Russia"," RUS"
411,-14.684,1995," Mar Average"," Russia"," RUS"
412,-4.3456,1995," Apr Average"," Russia"," RUS"
413,3.5702,1995," May Average"," Russia"," RUS"
414,11.442,1995," Jun Average"," Russia"," RUS"
415,14.8997,1995," Jul Average"," Russia"," RUS"
416,13.2386,1995," Aug Average"," Russia"," RUS"
417,6.23247,1995," Sep Average"," Russia"," RUS"
418,-3.048,1995," Oct Average"," Russia"," RUS"
419,-14.962,1995," Nov Average"," Russia"," RUS"
420,-22.722,1995," Dec Average"," Russia"," RUS"
421,-25.843,1996," Jan Average"," Russia"," RUS"
422,-22.838,1996," Feb Average"," Russia"," RUS"
423,-15.435,1996," Mar Average"," Russia"," RUS"
424,-6.9761,1996," Apr Average"," Russia"," RUS"
425,3.6709,1996," May Average"," Russia"," RUS"
426,10.6681,1996," Jun Average"," Russia"," RUS"
427,15.4488,1996," Jul Average"," Russia"," RUS"
428,11.3389,1996," Aug Average"," Russia"," RUS"
429,3.99453,1996," Sep Average"," Russia"," RUS"
430,-4.7432,1996," Oct Average"," Russia"," RUS"
431,-14.865,1996," Nov Average"," Russia"," RUS"
432,-24.544,1996," Dec Average"," Russia"," RUS"
433,-26.484,1997," Jan Average"," Russia"," RUS"
434,-23.001,1997," Feb Average"," Russia"," RUS"
435,-14.171,1997," Mar Average"," Russia"," RUS"
436,-2.7651,1997," Apr Average"," Russia"," RUS"
437,4.02555,1997," May Average"," Russia"," RUS"
438,11.3665,1997," Jun Average"," Russia"," RUS"
439,14.3421,1997," Jul Average"," Russia"," RUS"
440,12.3931,1997," Aug Average"," Russia"," RUS"
441,5.97098,1997," Sep Average"," Russia"," RUS"
442,-2.5948,1997," Oct Average"," Russia"," RUS"
443,-18.057,1997," Nov Average"," Russia"," RUS"
444,-26.183,1997," Dec Average"," Russia"," RUS"
445,-26.652,1998," Jan Average"," Russia"," RUS"
446,-24.498,1998," Feb Average"," Russia"," RUS"
447,-15.69,1998," Mar Average"," Russia"," RUS"
448,-7.7908,1998," Apr Average"," Russia"," RUS"
449,2.18784,1998," May Average"," Russia"," RUS"
450,11.9182,1998," Jun Average"," Russia"," RUS"
451,16.193,1998," Jul Average"," Russia"," RUS"
452,13.147,1998," Aug Average"," Russia"," RUS"
453,4.50973,1998," Sep Average"," Russia"," RUS"
454,-6.3637,1998," Oct Average"," Russia"," RUS"
455,-21.231,1998," Nov Average"," Russia"," RUS"
456,-23.624,1998," Dec Average"," Russia"," RUS"
457,-26.626,1999," Jan Average"," Russia"," RUS"
458,-22.189,1999," Feb Average"," Russia"," RUS"
459,-20.568,1999," Mar Average"," Russia"," RUS"
460,-6.7147,1999," Apr Average"," Russia"," RUS"
461,3.17716,1999," May Average"," Russia"," RUS"
462,11.1827,1999," Jun Average"," Russia"," RUS"
463,15.7508,1999," Jul Average"," Russia"," RUS"
464,11.7378,1999," Aug Average"," Russia"," RUS"
465,5.46499,1999," Sep Average"," Russia"," RUS"
466,-4.1641,1999," Oct Average"," Russia"," RUS"
467,-17.729,1999," Nov Average"," Russia"," RUS"
468,-21.136,1999," Dec Average"," Russia"," RUS"
469,-27.235,2000," Jan Average"," Russia"," RUS"
470,-21.381,2000," Feb Average"," Russia"," RUS"
471,-14.922,2000," Mar Average"," Russia"," RUS"
472,-3.8342,2000," Apr Average"," Russia"," RUS"
473,3.88852,2000," May Average"," Russia"," RUS"
474,12.3387,2000," Jun Average"," Russia"," RUS"
475,15.0084,2000," Jul Average"," Russia"," RUS"
476,12.8786,2000," Aug Average"," Russia"," RUS"
477,5.6741,2000," Sep Average"," Russia"," RUS"
478,-5.4827,2000," Oct Average"," Russia"," RUS"
479,-18.935,2000," Nov Average"," Russia"," RUS"
480,-26.074,2000," Dec Average"," Russia"," RUS"
481,-28.068,2001," Jan Average"," Russia"," RUS"
482,-25.365,2001," Feb Average"," Russia"," RUS"
483,-16.563,2001," Mar Average"," Russia"," RUS"
484,-5.9074,2001," Apr Average"," Russia"," RUS"
485,4.65739,2001," May Average"," Russia"," RUS"
486,12.352,2001," Jun Average"," Russia"," RUS"
487,16.0098,2001," Jul Average"," Russia"," RUS"
488,13.021,2001," Aug Average"," Russia"," RUS"
489,5.30689,2001," Sep Average"," Russia"," RUS"
490,-5.1239,2001," Oct Average"," Russia"," RUS"
491,-13.913,2001," Nov Average"," Russia"," RUS"
492,-24.011,2001," Dec Average"," Russia"," RUS"
493,-24.592,2002," Jan Average"," Russia"," RUS"
494,-21.137,2002," Feb Average"," Russia"," RUS"
495,-12.324,2002," Mar Average"," Russia"," RUS"
496,-5.9436,2002," Apr Average"," Russia"," RUS"
497,3.73513,2002," May Average"," Russia"," RUS"
498,12.3913,2002," Jun Average"," Russia"," RUS"
499,15.7214,2002," Jul Average"," Russia"," RUS"
500,12.6347,2002," Aug Average"," Russia"," RUS"
501,5.57589,2002," Sep Average"," Russia"," RUS"
502,-5.1454,2002," Oct Average"," Russia"," RUS"
503,-16.757,2002," Nov Average"," Russia"," RUS"
504,-27.211,2002," Dec Average"," Russia"," RUS"
505,-25.404,2003," Jan Average"," Russia"," RUS"
506,-23.861,2003," Feb Average"," Russia"," RUS"
507,-14.594,2003," Mar Average"," Russia"," RUS"
508,-5.6001,2003," Apr Average"," Russia"," RUS"
509,4.16765,2003," May Average"," Russia"," RUS"
510,11.3849,2003," Jun Average"," Russia"," RUS"
511,15.5483,2003," Jul Average"," Russia"," RUS"
512,13.4477,2003," Aug Average"," Russia"," RUS"
513,6.9202,2003," Sep Average"," Russia"," RUS"
514,-3.5084,2003," Oct Average"," Russia"," RUS"
515,-17.743,2003," Nov Average"," Russia"," RUS"
516,-20.271,2003," Dec Average"," Russia"," RUS"
517,-24.739,2004," Jan Average"," Russia"," RUS"
518,-23.669,2004," Feb Average"," Russia"," RUS"
519,-16.302,2004," Mar Average"," Russia"," RUS"
520,-7.0745,2004," Apr Average"," Russia"," RUS"
521,3.51825,2004," May Average"," Russia"," RUS"
522,11.2962,2004," Jun Average"," Russia"," RUS"
523,15.1005,2004," Jul Average"," Russia"," RUS"
524,11.978,2004," Aug Average"," Russia"," RUS"
525,6.17846,2004," Sep Average"," Russia"," RUS"
526,-4.8019,2004," Oct Average"," Russia"," RUS"
527,-14.206,2004," Nov Average"," Russia"," RUS"
528,-25.892,2004," Dec Average"," Russia"," RUS"
529,-23.48,2005," Jan Average"," Russia"," RUS"
530,-24.955,2005," Feb Average"," Russia"," RUS"
531,-16.247,2005," Mar Average"," Russia"," RUS"
532,-5.4461,2005," Apr Average"," Russia"," RUS"
533,5.12613,2005," May Average"," Russia"," RUS"
534,12.2312,2005," Jun Average"," Russia"," RUS"
535,15.8514,2005," Jul Average"," Russia"," RUS"
536,12.5157,2005," Aug Average"," Russia"," RUS"
537,7.41616,2005," Sep Average"," Russia"," RUS"
538,-2.4379,2005," Oct Average"," Russia"," RUS"
539,-13.381,2005," Nov Average"," Russia"," RUS"
540,-22.805,2005," Dec Average"," Russia"," RUS"
541,-29.643,2006," Jan Average"," Russia"," RUS"
542,-24.376,2006," Feb Average"," Russia"," RUS"
543,-16.26,2006," Mar Average"," Russia"," RUS"
544,-8.6371,2006," Apr Average"," Russia"," RUS"
545,3.57521,2006," May Average"," Russia"," RUS"
546,12.802,2006," Jun Average"," Russia"," RUS"
547,15.0401,2006," Jul Average"," Russia"," RUS"
548,12.2364,2006," Aug Average"," Russia"," RUS"
549,6.81572,2006," Sep Average"," Russia"," RUS"
550,-5.1486,2006," Oct Average"," Russia"," RUS"
551,-16.366,2006," Nov Average"," Russia"," RUS"
552,-20.804,2006," Dec Average"," Russia"," RUS"
553,-20.248,2007," Jan Average"," Russia"," RUS"
554,-25.688,2007," Feb Average"," Russia"," RUS"
555,-14.41,2007," Mar Average"," Russia"," RUS"
556,-2.6328,2007," Apr Average"," Russia"," RUS"
557,4.41197,2007," May Average"," Russia"," RUS"
558,11.5052,2007," Jun Average"," Russia"," RUS"
559,15.6705,2007," Jul Average"," Russia"," RUS"
560,13.5482,2007," Aug Average"," Russia"," RUS"
561,6.88299,2007," Sep Average"," Russia"," RUS"
562,-2.4354,2007," Oct Average"," Russia"," RUS"
563,-14.981,2007," Nov Average"," Russia"," RUS"
564,-21.059,2007," Dec Average"," Russia"," RUS"
565,-25.205,2008," Jan Average"," Russia"," RUS"
566,-21.22,2008," Feb Average"," Russia"," RUS"
567,-12.356,2008," Mar Average"," Russia"," RUS"
568,-6.2705,2008," Apr Average"," Russia"," RUS"
569,4.0185,2008," May Average"," Russia"," RUS"
570,11.8916,2008," Jun Average"," Russia"," RUS"
571,15.109,2008," Jul Average"," Russia"," RUS"
572,12.918,2008," Aug Average"," Russia"," RUS"
573,5.80728,2008," Sep Average"," Russia"," RUS"
574,-1.972,2008," Oct Average"," Russia"," RUS"
575,-14.493,2008," Nov Average"," Russia"," RUS"
576,-22.27,2008," Dec Average"," Russia"," RUS"
577,-24.451,2009," Jan Average"," Russia"," RUS"
578,-26.624,2009," Feb Average"," Russia"," RUS"
579,-15.994,2009," Mar Average"," Russia"," RUS"
580,-4.6947,2009," Apr Average"," Russia"," RUS"
581,3.57505,2009," May Average"," Russia"," RUS"
582,11.7963,2009," Jun Average"," Russia"," RUS"
583,14.8661,2009," Jul Average"," Russia"," RUS"
584,12.4186,2009," Aug Average"," Russia"," RUS"
585,7.11397,2009," Sep Average"," Russia"," RUS"
586,-3.1272,2009," Oct Average"," Russia"," RUS"
587,-17.773,2009," Nov Average"," Russia"," RUS"
588,-26.341,2009," Dec Average"," Russia"," RUS"
589,-27.97,2010," Jan Average"," Russia"," RUS"
590,-26.767,2010," Feb Average"," Russia"," RUS"
591,-16.779,2010," Mar Average"," Russia"," RUS"
592,-5.7484,2010," Apr Average"," Russia"," RUS"
593,5.35467,2010," May Average"," Russia"," RUS"
594,12.2678,2010," Jun Average"," Russia"," RUS"
595,16.1353,2010," Jul Average"," Russia"," RUS"
596,12.969,2010," Aug Average"," Russia"," RUS"
597,5.80722,2010," Sep Average"," Russia"," RUS"
598,-3.506,2010," Oct Average"," Russia"," RUS"
599,-13.941,2010," Nov Average"," Russia"," RUS"
600,-25.453,2010," Dec Average"," Russia"," RUS"
601,-25.152,2011," Jan Average"," Russia"," RUS"
602,-25.195,2011," Feb Average"," Russia"," RUS"
603,-12.491,2011," Mar Average"," Russia"," RUS"
604,-2.8477,2011," Apr Average"," Russia"," RUS"
605,4.76823,2011," May Average"," Russia"," RUS"
606,12.9546,2011," Jun Average"," Russia"," RUS"
607,15.7804,2011," Jul Average"," Russia"," RUS"
608,12.6605,2011," Aug Average"," Russia"," RUS"
609,6.19888,2011," Sep Average"," Russia"," RUS"
610,-2.1087,2011," Oct Average"," Russia"," RUS"
611,-16.475,2011," Nov Average"," Russia"," RUS"
612,-21.299,2011," Dec Average"," Russia"," RUS"
613,-25.257,2012," Jan Average"," Russia"," RUS"
614,-23.885,2012," Feb Average"," Russia"," RUS"
615,-16.857,2012," Mar Average"," Russia"," RUS"
616,-3.9028,2012," Apr Average"," Russia"," RUS"
617,5.32058,2012," May Average"," Russia"," RUS"
618,13.4931,2012," Jun Average"," Russia"," RUS"
619,16.1877,2012," Jul Average"," Russia"," RUS"
620,12.2465,2012," Aug Average"," Russia"," RUS"
621,7.10046,2012," Sep Average"," Russia"," RUS"
622,-3.4193,2012," Oct Average"," Russia"," RUS"
623,-15.282,2012," Nov Average"," Russia"," RUS"
624,-25.624,2012," Dec Average"," Russia"," RUS"
625,-27.019,2013," Jan Average"," Russia"," RUS"
626,-24.038,2013," Feb Average"," Russia"," RUS"
627,-18.32,2013," Mar Average"," Russia"," RUS"
628,-4.1514,2013," Apr Average"," Russia"," RUS"
629,5.23718,2013," May Average"," Russia"," RUS"
630,12.5299,2013," Jun Average"," Russia"," RUS"
631,15.5927,2013," Jul Average"," Russia"," RUS"
632,13.0552,2013," Aug Average"," Russia"," RUS"
633,5.36626,2013," Sep Average"," Russia"," RUS"
634,-4.3219,2013," Oct Average"," Russia"," RUS"
635,-12.557,2013," Nov Average"," Russia"," RUS"
636,-19.047,2013," Dec Average"," Russia"," RUS"
637,-27.512,2014," Jan Average"," Russia"," RUS"
638,-23.891,2014," Feb Average"," Russia"," RUS"
639,-11.94,2014," Mar Average"," Russia"," RUS"
640,-2.93,2014," Apr Average"," Russia"," RUS"
641,4.78134,2014," May Average"," Russia"," RUS"
642,11.9932,2014," Jun Average"," Russia"," RUS"
643,14.9019,2014," Jul Average"," Russia"," RUS"
644,13.4225,2014," Aug Average"," Russia"," RUS"
645,5.78383,2014," Sep Average"," Russia"," RUS"
646,-4.9559,2014," Oct Average"," Russia"," RUS"
647,-16.385,2014," Nov Average"," Russia"," RUS"
648,-21.539,2014," Dec Average"," Russia"," RUS"
649,-23.863,2015," Jan Average"," Russia"," RUS"
650,-19.887,2015," Feb Average"," Russia"," RUS"
651,-13.092,2015," Mar Average"," Russia"," RUS"
652,-4.581,2015," Apr Average"," Russia"," RUS"
653,4.71529,2015," May Average"," Russia"," RUS"
654,12.9706,2015," Jun Average"," Russia"," RUS"
655,15.1593,2015," Jul Average"," Russia"," RUS"
656,12.5463,2015," Aug Average"," Russia"," RUS"
657,6.60203,2015," Sep Average"," Russia"," RUS"
658,-4.1429,2015," Oct Average"," Russia"," RUS"
659,-16.11,2015," Nov Average"," Russia"," RUS"
660,-20.342,2015," Dec Average"," Russia"," RUS"
661,-24.307,2016," Jan Average"," Russia"," RUS"
662,-19.446,2016," Feb Average"," Russia"," RUS"
663,-12.865,2016," Mar Average"," Russia"," RUS"
664,-3.0405,2016," Apr Average"," Russia"," RUS"
665,4.40713,2016," May Average"," Russia"," RUS"
666,13.0543,2016," Jun Average"," Russia"," RUS"
667,16.0391,2016," Jul Average"," Russia"," RUS"
668,13.5493,2016," Aug Average"," Russia"," RUS"
669,7.61563,2016," Sep Average"," Russia"," RUS"
670,-4.576,2016," Oct Average"," Russia"," RUS"
671,-17.898,2016," Nov Average"," Russia"," RUS"
672,-23.356,2016," Dec Average"," Russia"," RUS"
